timestamp_utc,total_vehicles_detected,daily_vehicle_count,vehicles_in_lane_1,vehicles_in_lane_2,vehicles_in_lane_3,vehicles_in_lane_4,vehicles_in_line
2026-09-14T22:40:15.846530+00:00,4,152,0,0,2,2,4
2026-09-14T22:41:11.938141+00:00,1,152,0,0,1,0,1
2026-09-14T22:42:13.268462+00:00,1,152,0,0,1,0,1
2026-09-14T22:43:11.719108+00:00,1,152,0,0,1,0,1
2026-09-14T22:44:12.146004+00:00,2,152,0,0,2,0,2
2026-09-14T22:45:18.326228+00:00,2,152,0,0,2,0,2
2026-09-14T22:46:17.413490+00:00,2,152,0,0,2,0,2
2026-09-14T22:47:13.975259+00:00,4,154,0,0,2,2,4
2026-09-14T22:48:12.557842+00:00,4,154,0,0,2,2,4
2026-09-14T22:49:13.492762+00:00,4,154,0,0,2,2,4
2026-09-14T22:50:15.712451+00:00,6,154,0,1,2,3,6
2026-09-14T22:51:12.493125+00:00,6,154,0,1,2,3,6
2026-09-14T22:52:12.554178+00:00,6,154,0,1,2,3,6
2026-09-14T22:53:11.458695+00:00,5,154,0,0,1,4,5
2026-09-14T22:54:12.136619+00:00,5,154,0,0,1,4,5
2026-09-14T22:55:13.951330+00:00,5,154,0,0,1,4,5
2026-09-14T22:56:12.197032+00:00,0,154,0,0,0,0,0
2026-09-14T22:57:12.415183+00:00,0,154,0,0,0,0,0
2026-09-14T22:58:12.178584+00:00,0,154,0,0,0,0,0
2026-09-14T22:59:12.412047+00:00,0,154,0,0,0,0,0
2026-09-14T23:00:18.606112+00:00,0,154,0,0,0,0,0
2026-09-14T23:01:18.673118+00:00,0,154,0,0,0,0,0
2026-09-14T23:02:13.210130+00:00,2,154,0,0,1,1,2
2026-09-14T23:03:12.208718+00:00,2,154,0,0,1,1,2
2026-09-14T23:04:12.259364+00:00,2,154,0,0,1,1,2
2026-09-14T23:05:13.829635+00:00,2,154,0,0,2,0,2
2026-09-14T23:06:12.656420+00:00,2,154,0,0,2,0,2
2026-09-14T23:07:12.651913+00:00,2,154,0,0,2,0,2
2026-09-14T23:08:12.149030+00:00,2,154,0,0,2,0,2
2026-09-14T23:09:11.631547+00:00,2,154,0,0,2,0,2
2026-09-14T23:10:13.884722+00:00,2,154,0,0,2,0,2
2026-09-14T23:11:13.076306+00:00,2,154,1,0,0,0,1
2026-09-14T23:12:11.723235+00:00,2,154,1,0,0,0,1
2026-09-14T23:13:12.339687+00:00,2,154,1,0,0,0,1
2026-09-14T23:14:12.230778+00:00,2,154,1,0,0,0,1
2026-09-14T23:15:16.566452+00:00,2,154,1,0,0,0,1
2026-09-14T23:16:19.823626+00:00,2,154,1,0,0,0,1
2026-09-14T23:17:12.098054+00:00,7,158,0,0,3,2,5
2026-09-14T23:18:12.067679+00:00,7,158,0,0,3,2,5
2026-09-14T23:19:12.166100+00:00,7,158,0,0,3,2,5
2026-09-14T23:20:15.048968+00:00,8,160,0,0,4,2,6
2026-09-14T23:21:12.075633+00:00,8,160,0,0,4,2,6
2026-09-14T23:22:11.963690+00:00,8,160,0,0,4,2,6
2026-09-14T23:23:11.576670+00:00,2,160,0,0,2,0,2
2026-09-14T23:24:11.393079+00:00,2,160,0,0,2,0,2
2026-09-14T23:25:13.896714+00:00,2,160,0,0,2,0,2
2026-09-14T23:26:13.579248+00:00,5,160,0,0,1,3,4
2026-09-14T23:27:12.589840+00:00,5,160,0,0,1,3,4
2026-09-14T23:28:12.952833+00:00,5,160,0,0,1,3,4
2026-09-14T23:29:12.305241+00:00,2,160,0,0,2,0,2
2026-09-14T23:30:18.784350+00:00,2,160,0,0,2,0,2
2026-09-14T23:31:19.492216+00:00,2,160,0,0,2,0,2
2026-09-14T23:32:11.995652+00:00,6,160,0,0,5,1,6
2026-09-14T23:33:11.686790+00:00,6,160,0,0,5,1,6
2026-09-14T23:34:11.680856+00:00,6,160,0,0,5,1,6
2026-09-14T23:35:13.156297+00:00,4,160,0,0,3,1,4
2026-09-14T23:36:12.355773+00:00,4,160,0,0,3,1,4
2026-09-14T23:37:12.682707+00:00,4,160,0,0,3,1,4
2026-09-14T23:38:12.462353+00:00,5,160,0,0,4,1,5
2026-09-14T23:39:12.262607+00:00,5,160,0,0,4,1,5
2026-09-14T23:40:14.266274+00:00,5,160,0,0,4,1,5
2026-09-14T23:41:11.950336+00:00,2,160,0,0,1,0,1
2026-09-14T23:42:14.337168+00:00,2,160,0,0,1,0,1
2026-09-14T23:43:12.669936+00:00,2,160,0,0,1,0,1
2026-09-14T23:44:12.049831+00:00,5,160,0,0,3,1,4
2026-09-14T23:45:17.296763+00:00,5,160,0,0,3,1,4
2026-09-14T23:46:19.927965+00:00,5,160,0,0,3,1,4
2026-09-14T23:47:12.832246+00:00,3,160,0,0,1,2,3
2026-09-14T23:48:11.508059+00:00,3,160,0,0,1,2,3
2026-09-14T23:49:11.306050+00:00,3,160,0,0,1,2,3
2026-09-14T23:50:14.965069+00:00,7,163,0,0,4,2,6
2026-09-14T23:51:12.218543+00:00,7,163,0,0,4,2,6
2026-09-14T23:52:12.063486+00:00,7,163,0,0,4,2,6
2026-09-14T23:53:12.319376+00:00,12,167,0,0,8,4,12
2026-09-14T23:54:11.599578+00:00,12,167,0,0,8,4,12
2026-09-14T23:55:13.341030+00:00,12,167,0,0,8,4,12
2026-09-14T23:56:13.644070+00:00,12,169,0,1,7,4,12
2026-09-14T23:57:12.143776+00:00,12,169,0,1,7,4,12
2026-09-14T23:58:12.130531+00:00,12,169,0,1,7,4,12
2026-09-14T23:59:12.121817+00:00,5,169,0,0,2,2,4
2026-09-15T00:00:18.274908+00:00,5,169,0,0,2,2,4
2026-09-15T00:01:19.060980+00:00,5,169,0,0,2,2,4
2026-09-15T00:02:12.801868+00:00,5,169,0,1,2,1,4
2026-09-15T00:03:13.510707+00:00,5,169,0,1,2,1,4
2026-09-15T00:04:12.915050+00:00,5,169,0,1,2,1,4
2026-09-15T00:05:13.634755+00:00,7,169,0,0,5,2,7
2026-09-15T00:06:11.180196+00:00,7,169,0,0,5,2,7
2026-09-15T00:07:11.937605+00:00,7,169,0,0,5,2,7
2026-09-15T00:08:12.015260+00:00,1,169,0,0,1,0,1
2026-09-15T00:09:12.342057+00:00,1,169,0,0,1,0,1
2026-09-15T00:10:15.867791+00:00,1,169,0,0,1,0,1
2026-09-15T00:11:12.489923+00:00,2,169,0,0,0,0,0
2026-09-15T00:12:13.190109+00:00,2,169,0,0,0,0,0
2026-09-15T00:13:12.501498+00:00,2,169,0,0,0,0,0
2026-09-15T00:14:12.255244+00:00,3,169,0,1,0,2,3
2026-09-15T00:15:14.809978+00:00,3,169,0,1,0,2,3
2026-09-15T00:16:18.543269+00:00,3,169,0,1,0,2,3
2026-09-15T00:17:11.470076+00:00,1,169,0,0,1,0,1
2026-09-15T00:18:12.576214+00:00,1,169,0,0,1,0,1
2026-09-15T00:19:12.842075+00:00,1,169,0,0,1,0,1
2026-09-15T00:20:15.783528+00:00,1,169,0,0,1,0,1
2026-09-15T00:21:11.772465+00:00,1,169,0,0,1,0,1
2026-09-15T00:22:13.505804+00:00,1,169,0,0,1,0,1
2026-09-15T00:23:12.026738+00:00,3,171,0,0,2,1,3
2026-09-15T00:24:13.325977+00:00,3,171,0,0,2,1,3
2026-09-15T00:25:14.347520+00:00,3,171,0,0,2,1,3
2026-09-15T00:26:12.606749+00:00,5,173,0,0,1,1,2
2026-09-15T00:27:12.437907+00:00,5,173,0,0,1,1,2
2026-09-15T00:28:14.910639+00:00,5,173,0,0,1,1,2
2026-09-15T00:29:12.228501+00:00,1,173,0,0,0,1,1
2026-09-15T00:30:22.049008+00:00,1,173,0,0,0,1,1
2026-09-15T00:31:17.644500+00:00,1,173,0,0,0,1,1
2026-09-15T00:32:12.843508+00:00,1,173,0,0,0,0,0
2026-09-15T00:33:12.105624+00:00,1,173,0,0,0,0,0
2026-09-15T00:34:12.484694+00:00,1,173,0,0,0,0,0
2026-09-15T00:35:13.963798+00:00,3,174,0,0,1,0,1
2026-09-15T00:36:11.093282+00:00,3,174,0,0,1,0,1
2026-09-15T00:37:11.841231+00:00,3,174,0,0,1,0,1
2026-09-15T00:38:10.919153+00:00,2,174,0,0,2,0,2
2026-09-15T00:39:12.286942+00:00,2,174,0,0,2,0,2
2026-09-15T00:40:14.963179+00:00,2,174,0,0,2,0,2
2026-09-15T00:41:11.659546+00:00,2,174,0,0,1,0,1
2026-09-15T00:42:12.052828+00:00,2,174,0,0,1,0,1
2026-09-15T00:43:13.006423+00:00,2,174,0,0,1,0,1
2026-09-15T00:44:12.625200+00:00,9,179,0,0,0,0,0
2026-09-15T00:45:15.924847+00:00,9,179,0,0,0,0,0
2026-09-15T00:46:19.420014+00:00,9,179,0,0,0,0,0
2026-09-15T00:47:11.995810+00:00,3,179,0,0,0,0,0
2026-09-15T00:48:11.704653+00:00,3,179,0,0,0,0,0
2026-09-15T00:49:11.761596+00:00,3,179,0,0,0,0,0
2026-09-15T00:50:14.592681+00:00,3,179,0,0,0,0,0
2026-09-15T00:51:11.523079+00:00,3,179,0,0,0,0,0
2026-09-15T00:52:11.935978+00:00,3,179,0,0,0,0,0
2026-09-15T00:53:13.558900+00:00,4,179,0,0,3,1,4
2026-09-15T00:54:11.516617+00:00,4,179,0,0,3,1,4
2026-09-15T00:55:12.857459+00:00,4,179,0,0,3,1,4
2026-09-15T00:56:11.609329+00:00,1,179,0,0,1,0,1
2026-09-15T00:57:12.481533+00:00,1,179,0,0,1,0,1
2026-09-15T00:58:13.453380+00:00,1,179,0,0,1,0,1
2026-09-15T00:59:11.731921+00:00,1,179,0,0,1,0,1
2026-09-15T01:00:24.840220+00:00,1,179,0,0,1,0,1
2026-09-15T01:01:19.764072+00:00,1,179,0,0,1,0,1
2026-09-15T01:02:12.744391+00:00,3,179,0,2,0,1,3
2026-09-15T01:03:13.082684+00:00,3,179,0,2,0,1,3
2026-09-15T01:04:13.196804+00:00,3,179,0,2,0,1,3
2026-09-15T01:05:14.056906+00:00,1,179,0,0,1,0,1
2026-09-15T01:06:12.258830+00:00,1,179,0,0,1,0,1
2026-09-15T01:07:13.202633+00:00,1,179,0,0,1,0,1
2026-09-15T01:08:13.770793+00:00,2,180,0,0,1,1,2
2026-09-15T01:09:12.213198+00:00,2,180,0,0,1,1,2
2026-09-15T01:10:14.649669+00:00,2,180,0,0,1,1,2
2026-09-15T01:11:13.428870+00:00,1,180,0,0,0,0,0
2026-09-15T01:12:13.254045+00:00,1,180,0,0,0,0,0
2026-09-15T01:13:13.111614+00:00,1,180,0,0,0,0,0
2026-09-15T01:14:12.636788+00:00,0,180,0,0,0,0,0
2026-09-15T01:15:17.093997+00:00,0,180,0,0,0,0,0
2026-09-15T01:16:19.971464+00:00,0,180,0,0,0,0,0
2026-09-15T01:17:13.094029+00:00,0,180,0,0,0,0,0
2026-09-15T01:18:11.815344+00:00,0,180,0,0,0,0,0
2026-09-15T01:19:12.119454+00:00,0,180,0,0,0,0,0
2026-09-15T01:20:14.104778+00:00,0,180,0,0,0,0,0
2026-09-15T01:21:13.901188+00:00,0,180,0,0,0,0,0
2026-09-15T01:22:11.940582+00:00,0,180,0,0,0,0,0
2026-09-15T01:23:12.155004+00:00,5,183,0,0,2,3,5
2026-09-15T01:24:11.704658+00:00,5,183,0,0,2,3,5
2026-09-15T01:25:12.984219+00:00,5,183,0,0,2,3,5
2026-09-15T01:26:17.662926+00:00,0,183,0,0,0,0,0
2026-09-15T01:27:11.235876+00:00,0,183,0,0,0,0,0
2026-09-15T01:28:12.227916+00:00,0,183,0,0,0,0,0
2026-09-15T01:29:12.534843+00:00,1,183,0,0,0,0,0
2026-09-15T01:30:18.823049+00:00,1,183,0,0,0,0,0
2026-09-15T01:31:17.851440+00:00,1,183,0,0,0,0,0
2026-09-15T01:32:12.230194+00:00,2,183,0,0,2,0,2
2026-09-15T01:33:13.559154+00:00,2,183,0,0,2,0,2
2026-09-15T01:34:14.129310+00:00,2,183,0,0,2,0,2
2026-09-15T01:35:14.191444+00:00,0,183,0,0,0,0,0
2026-09-15T01:36:16.028568+00:00,0,183,0,0,0,0,0
2026-09-15T01:37:12.819139+00:00,0,183,0,0,0,0,0
2026-09-15T01:38:12.858416+00:00,2,183,0,0,0,0,0
2026-09-15T01:39:13.034816+00:00,2,183,0,0,0,0,0
2026-09-15T01:40:14.730919+00:00,2,183,0,0,0,0,0
2026-09-15T01:41:16.747737+00:00,1,183,0,0,0,0,0
2026-09-15T01:42:11.616572+00:00,1,183,0,0,0,0,0
2026-09-15T01:43:12.560402+00:00,1,183,0,0,0,0,0
2026-09-15T01:44:13.086491+00:00,1,183,0,0,1,0,1
2026-09-15T01:45:15.795691+00:00,1,183,0,0,1,0,1
2026-09-15T01:46:18.551043+00:00,1,183,0,0,1,0,1
2026-09-15T01:47:11.922858+00:00,0,183,0,0,0,0,0
2026-09-15T01:48:11.796878+00:00,0,183,0,0,0,0,0
2026-09-15T01:49:13.041385+00:00,0,183,0,0,0,0,0
2026-09-15T01:50:14.501408+00:00,1,183,0,0,1,0,1
2026-09-15T01:51:16.110322+00:00,1,183,0,0,1,0,1
2026-09-15T01:52:13.192167+00:00,1,183,0,0,1,0,1
2026-09-15T01:53:11.833544+00:00,2,183,0,0,0,0,0
2026-09-15T01:54:12.958553+00:00,2,183,0,0,0,0,0
2026-09-15T01:55:13.019362+00:00,2,183,0,0,0,0,0
2026-09-15T01:56:18.282602+00:00,0,183,0,0,0,0,0
2026-09-15T01:57:12.683265+00:00,0,183,0,0,0,0,0
2026-09-15T01:58:10.884640+00:00,0,183,0,0,0,0,0
2026-09-15T01:59:13.114829+00:00,1,183,0,0,0,0,0
2026-09-15T02:00:23.679495+00:00,1,183,0,0,0,0,0
2026-09-15T02:01:18.242472+00:00,1,183,0,0,0,0,0
2026-09-15T02:02:13.245486+00:00,0,183,0,0,0,0,0
2026-09-15T02:03:12.917775+00:00,0,183,0,0,0,0,0
2026-09-15T02:04:13.156420+00:00,0,183,0,0,0,0,0
2026-09-15T02:05:14.427606+00:00,0,183,0,0,0,0,0
2026-09-15T02:06:19.642244+00:00,0,183,0,0,0,0,0
2026-09-15T02:07:15.172063+00:00,0,183,0,0,0,0,0
2026-09-15T02:08:13.251065+00:00,0,183,0,0,0,0,0
2026-09-15T02:09:14.514468+00:00,0,183,0,0,0,0,0
2026-09-15T02:10:14.376820+00:00,0,183,0,0,0,0,0
2026-09-15T02:11:17.341486+00:00,0,183,0,0,0,0,0
2026-09-15T02:12:13.730253+00:00,0,183,0,0,0,0,0
2026-09-15T02:13:11.705790+00:00,0,183,0,0,0,0,0
2026-09-15T02:14:13.630329+00:00,0,183,0,0,0,0,0
2026-09-15T02:15:13.892963+00:00,0,183,0,0,0,0,0
2026-09-15T02:16:20.039278+00:00,0,183,0,0,0,0,0
2026-09-15T02:17:11.872339+00:00,0,183,0,0,0,0,0
2026-09-15T02:18:11.899392+00:00,0,183,0,0,0,0,0
2026-09-15T02:19:11.771243+00:00,0,183,0,0,0,0,0
2026-09-15T02:20:14.821687+00:00,0,183,0,0,0,0,0
2026-09-15T02:21:17.788943+00:00,0,183,0,0,0,0,0
2026-09-15T02:22:17.890777+00:00,0,183,0,0,0,0,0
2026-09-15T02:23:12.493514+00:00,0,183,0,0,0,0,0
2026-09-15T02:24:12.349949+00:00,0,183,0,0,0,0,0
2026-09-15T02:25:13.750494+00:00,0,183,0,0,0,0,0
2026-09-15T02:26:19.367527+00:00,0,183,0,0,0,0,0
2026-09-15T02:27:11.138776+00:00,0,183,0,0,0,0,0
2026-09-15T02:28:11.092918+00:00,0,183,0,0,0,0,0
2026-09-15T02:29:11.060467+00:00,0,183,0,0,0,0,0
2026-09-15T02:30:18.385353+00:00,0,183,0,0,0,0,0
2026-09-15T02:31:18.839787+00:00,0,183,0,0,0,0,0
2026-09-15T02:32:12.331366+00:00,0,183,0,0,0,0,0
2026-09-15T02:33:12.347221+00:00,0,183,0,0,0,0,0
2026-09-15T02:34:13.600958+00:00,0,183,0,0,0,0,0
2026-09-15T02:35:13.659560+00:00,0,183,0,0,0,0,0
2026-09-15T02:36:18.296815+00:00,0,183,0,0,0,0,0
2026-09-15T02:37:13.127588+00:00,0,183,0,0,0,0,0
2026-09-15T02:38:12.270298+00:00,1,184,0,0,1,0,1
2026-09-15T02:39:13.331330+00:00,1,184,0,0,1,0,1
2026-09-15T02:40:15.332388+00:00,1,184,0,0,1,0,1
2026-09-15T02:41:18.121822+00:00,0,184,0,0,0,0,0
2026-09-15T02:42:11.713292+00:00,0,184,0,0,0,0,0
2026-09-15T02:43:12.672230+00:00,0,184,0,0,0,0,0
2026-09-15T02:44:13.463607+00:00,0,184,0,0,0,0,0
2026-09-15T02:45:15.235596+00:00,0,184,0,0,0,0,0
2026-09-15T02:46:18.405039+00:00,0,184,0,0,0,0,0
2026-09-15T02:47:11.398816+00:00,0,184,0,0,0,0,0
2026-09-15T02:48:11.706683+00:00,0,184,0,0,0,0,0
2026-09-15T02:49:11.877160+00:00,0,184,0,0,0,0,0
2026-09-15T02:50:15.226872+00:00,0,184,0,0,0,0,0
2026-09-15T02:51:17.460913+00:00,0,184,0,0,0,0,0
2026-09-15T02:52:12.970234+00:00,0,184,0,0,0,0,0
2026-09-15T02:53:11.723566+00:00,0,184,0,0,0,0,0
2026-09-15T02:54:13.338379+00:00,0,184,0,0,0,0,0
2026-09-15T02:55:14.917609+00:00,0,184,0,0,0,0,0
2026-09-15T02:56:20.420235+00:00,0,184,0,0,0,0,0
2026-09-15T02:57:12.495410+00:00,0,184,0,0,0,0,0
2026-09-15T02:58:12.756254+00:00,0,184,0,0,0,0,0
2026-09-15T02:59:11.753081+00:00,0,184,0,0,0,0,0
2026-09-15T13:00:22.757543+00:00,1,1,0,0,1,0,1
2026-09-15T13:01:17.516845+00:00,1,1,0,0,1,0,1
2026-09-15T13:02:12.744798+00:00,1,1,0,0,1,0,1
2026-09-15T13:03:13.746640+00:00,1,1,0,0,1,0,1
2026-09-15T13:04:12.989256+00:00,1,1,0,0,1,0,1
2026-09-15T13:05:14.964200+00:00,1,1,0,0,1,0,1
2026-09-15T13:06:13.533709+00:00,1,1,0,0,1,0,1
2026-09-15T13:07:13.427130+00:00,1,1,0,0,1,0,1
2026-09-15T13:08:12.502213+00:00,0,1,0,0,0,0,0
2026-09-15T13:09:12.530998+00:00,0,1,0,0,0,0,0
2026-09-15T13:10:15.733744+00:00,0,1,0,0,0,0,0
2026-09-15T13:11:14.918708+00:00,0,1,0,0,0,0,0
2026-09-15T13:12:12.932240+00:00,0,1,0,0,0,0,0
2026-09-15T13:13:13.355850+00:00,0,1,0,0,0,0,0
2026-09-15T13:14:12.574357+00:00,0,1,0,0,0,0,0
2026-09-15T13:15:19.416771+00:00,0,1,0,0,0,0,0
2026-09-15T13:16:13.791437+00:00,0,1,0,0,0,0,0
2026-09-15T13:17:12.148485+00:00,0,1,0,0,0,0,0
2026-09-15T13:18:12.700544+00:00,0,1,0,0,0,0,0
2026-09-15T13:19:12.578882+00:00,0,1,0,0,0,0,0
2026-09-15T13:20:15.730987+00:00,0,1,0,0,0,0,0
2026-09-15T13:21:12.625593+00:00,0,1,0,0,0,0,0
2026-09-15T13:22:12.416368+00:00,0,1,0,0,0,0,0
2026-09-15T13:23:12.651093+00:00,0,1,0,0,0,0,0
2026-09-15T13:24:13.097909+00:00,0,1,0,0,0,0,0
2026-09-15T13:25:14.418558+00:00,0,1,0,0,0,0,0
2026-09-15T13:26:13.279994+00:00,0,1,0,0,0,0,0
2026-09-15T13:27:13.405830+00:00,0,1,0,0,0,0,0
2026-09-15T13:28:13.549699+00:00,0,1,0,0,0,0,0
2026-09-15T13:29:12.247078+00:00,0,1,0,0,0,0,0
2026-09-15T13:30:22.091602+00:00,0,1,0,0,0,0,0
2026-09-15T13:31:13.348073+00:00,0,1,0,0,0,0,0
2026-09-15T13:32:13.350012+00:00,0,1,0,0,0,0,0
2026-09-15T13:33:13.287746+00:00,0,1,0,0,0,0,0
2026-09-15T13:34:13.840285+00:00,0,1,0,0,0,0,0
2026-09-15T13:35:14.533079+00:00,0,1,0,0,0,0,0
2026-09-15T13:36:14.545543+00:00,0,1,0,0,0,0,0
2026-09-15T13:37:12.896971+00:00,0,1,0,0,0,0,0
2026-09-15T13:38:13.225896+00:00,2,3,0,0,1,0,1
2026-09-15T13:39:12.898043+00:00,2,3,0,0,1,0,1
2026-09-15T13:40:14.966853+00:00,2,3,0,0,1,0,1
2026-09-15T13:41:12.712053+00:00,1,3,0,0,1,0,1
2026-09-15T13:42:13.058902+00:00,1,3,0,0,1,0,1
2026-09-15T13:43:13.631614+00:00,1,3,0,0,1,0,1
2026-09-15T13:44:13.849736+00:00,0,3,0,0,0,0,0
2026-09-15T13:45:18.103411+00:00,0,3,0,0,0,0,0
2026-09-15T13:46:15.456214+00:00,0,3,0,0,0,0,0
2026-09-15T13:47:12.102462+00:00,0,3,0,0,0,0,0
2026-09-15T13:48:12.968195+00:00,0,3,0,0,0,0,0
2026-09-15T13:49:11.873349+00:00,0,3,0,0,0,0,0
2026-09-15T13:50:15.026151+00:00,0,3,0,0,0,0,0
2026-09-15T13:51:12.163858+00:00,0,3,0,0,0,0,0
2026-09-15T13:52:12.380787+00:00,0,3,0,0,0,0,0
2026-09-15T13:53:12.729002+00:00,1,3,0,0,1,0,1
2026-09-15T13:54:12.560862+00:00,1,3,0,0,1,0,1
2026-09-15T13:55:14.581915+00:00,1,3,0,0,1,0,1
2026-09-15T13:56:13.009117+00:00,1,3,0,0,0,1,1
2026-09-15T13:57:13.179385+00:00,1,3,0,0,0,1,1
2026-09-15T13:58:12.953093+00:00,1,3,0,0,0,1,1
2026-09-15T13:59:12.483445+00:00,0,3,0,0,0,0,0
2026-09-15T14:00:32.449970+00:00,0,3,0,0,0,0,0
2026-09-15T14:01:12.415469+00:00,0,3,0,0,0,0,0
2026-09-15T14:02:12.924009+00:00,0,3,0,0,0,0,0
2026-09-15T14:03:12.713466+00:00,0,3,0,0,0,0,0
2026-09-15T14:04:12.269380+00:00,0,3,0,0,0,0,0
2026-09-15T14:05:14.225339+00:00,1,3,0,0,0,0,0
2026-09-15T14:06:13.492518+00:00,1,3,0,0,0,0,0
2026-09-15T14:07:12.330105+00:00,1,3,0,0,0,0,0
2026-09-15T14:08:13.760131+00:00,1,3,0,0,1,0,1
2026-09-15T14:09:12.379858+00:00,1,3,0,0,1,0,1
2026-09-15T14:10:14.177858+00:00,1,3,0,0,1,0,1
2026-09-15T14:11:12.776897+00:00,0,3,0,0,0,0,0
2026-09-15T14:12:13.783975+00:00,0,3,0,0,0,0,0
2026-09-15T14:13:12.386689+00:00,0,3,0,0,0,0,0
2026-09-15T14:14:11.661014+00:00,0,3,0,0,0,0,0
2026-09-15T14:15:18.586643+00:00,0,3,0,0,0,0,0
2026-09-15T14:16:16.239541+00:00,0,3,0,0,0,0,0
2026-09-15T14:17:12.071670+00:00,0,3,0,0,0,0,0
2026-09-15T14:18:13.476808+00:00,0,3,0,0,0,0,0
2026-09-15T14:19:12.449585+00:00,0,3,0,0,0,0,0
2026-09-15T14:20:14.317144+00:00,0,3,0,0,0,0,0
2026-09-15T14:21:11.826585+00:00,0,3,0,0,0,0,0
2026-09-15T14:22:12.057060+00:00,0,3,0,0,0,0,0
2026-09-15T14:23:13.508524+00:00,1,4,0,0,1,0,1
2026-09-15T14:24:13.063378+00:00,1,4,0,0,1,0,1
2026-09-15T14:25:15.116028+00:00,1,4,0,0,1,0,1
2026-09-15T14:26:12.012041+00:00,0,4,0,0,0,0,0
2026-09-15T14:27:12.290068+00:00,0,4,0,0,0,0,0
2026-09-15T14:28:12.296001+00:00,0,4,0,0,0,0,0
2026-09-15T14:29:11.830433+00:00,1,5,0,0,0,0,0
2026-09-15T14:30:19.375211+00:00,1,5,0,0,0,0,0
2026-09-15T14:31:14.076181+00:00,1,5,0,0,0,0,0
2026-09-15T14:32:13.127132+00:00,0,5,0,0,0,0,0
2026-09-15T14:33:13.284045+00:00,0,5,0,0,0,0,0
2026-09-15T14:34:12.737696+00:00,0,5,0,0,0,0,0
2026-09-15T14:35:14.739921+00:00,0,5,0,0,0,0,0
2026-09-15T14:36:13.510678+00:00,0,5,0,0,0,0,0
2026-09-15T14:37:12.296483+00:00,0,5,0,0,0,0,0
2026-09-15T14:38:12.495320+00:00,0,5,0,0,0,0,0
2026-09-15T14:39:14.475637+00:00,0,5,0,0,0,0,0
2026-09-15T14:40:15.098422+00:00,0,5,0,0,0,0,0
2026-09-15T14:41:12.171001+00:00,2,6,1,0,1,0,2
2026-09-15T14:42:13.031850+00:00,2,6,1,0,1,0,2
2026-09-15T14:43:12.700529+00:00,2,6,1,0,1,0,2
2026-09-15T14:44:12.866401+00:00,3,8,0,0,2,1,3
2026-09-15T14:45:16.494203+00:00,3,8,0,0,2,1,3
2026-09-15T14:46:14.161330+00:00,3,8,0,0,2,1,3
2026-09-15T14:47:12.946530+00:00,2,9,0,0,0,2,2
2026-09-15T14:48:12.664427+00:00,2,9,0,0,0,2,2
2026-09-15T14:49:12.396571+00:00,2,9,0,0,0,2,2
2026-09-15T14:50:14.815795+00:00,1,9,0,0,0,1,1
2026-09-15T14:51:13.709914+00:00,1,9,0,0,0,1,1
2026-09-15T14:52:13.255216+00:00,1,9,0,0,0,1,1
2026-09-15T14:53:13.392113+00:00,0,9,0,0,0,0,0
2026-09-15T14:54:12.141731+00:00,0,9,0,0,0,0,0
2026-09-15T14:55:14.973034+00:00,0,9,0,0,0,0,0
2026-09-15T14:56:11.558246+00:00,0,9,0,0,0,0,0
2026-09-15T14:57:12.327617+00:00,0,9,0,0,0,0,0
2026-09-15T14:58:12.995700+00:00,0,9,0,0,0,0,0
2026-09-15T14:59:12.832141+00:00,0,9,0,0,0,0,0
2026-09-15T15:00:25.965541+00:00,0,9,0,0,0,0,0
2026-09-15T15:01:13.653171+00:00,0,9,0,0,0,0,0
2026-09-15T15:02:13.625405+00:00,3,10,0,0,2,0,2
2026-09-15T15:03:12.954615+00:00,3,10,0,0,2,0,2
2026-09-15T15:04:13.581948+00:00,3,10,0,0,2,0,2
2026-09-15T15:05:16.245831+00:00,6,13,0,1,2,3,6
2026-09-15T15:06:12.810978+00:00,6,13,0,1,2,3,6
2026-09-15T15:07:13.348082+00:00,6,13,0,1,2,3,6
2026-09-15T15:08:15.688641+00:00,3,13,0,0,3,0,3
2026-09-15T15:09:13.310955+00:00,3,13,0,0,3,0,3
2026-09-15T15:10:15.304584+00:00,3,13,0,0,3,0,3
2026-09-15T15:11:12.846361+00:00,3,13,0,0,3,0,3
2026-09-15T15:12:13.880968+00:00,3,13,0,0,3,0,3
2026-09-15T15:13:13.554770+00:00,3,13,0,0,3,0,3
2026-09-15T15:14:14.230484+00:00,3,13,0,0,2,0,2
2026-09-15T15:15:17.915776+00:00,3,13,0,0,2,0,2
2026-09-15T15:16:17.245921+00:00,3,13,0,0,2,0,2
2026-09-15T15:17:13.187927+00:00,4,13,0,0,2,1,3
2026-09-15T15:18:13.612891+00:00,4,13,0,0,2,1,3
2026-09-15T15:19:12.368080+00:00,4,13,0,0,2,1,3
2026-09-15T15:20:14.682421+00:00,2,13,0,0,1,1,2
2026-09-15T15:21:12.420229+00:00,2,13,0,0,1,1,2
2026-09-15T15:22:11.855018+00:00,2,13,0,0,1,1,2
2026-09-15T15:23:11.881101+00:00,0,13,0,0,0,0,0
2026-09-15T15:24:12.309060+00:00,0,13,0,0,0,0,0
2026-09-15T15:25:15.227704+00:00,0,13,0,0,0,0,0
2026-09-15T15:26:12.258456+00:00,2,13,0,0,1,1,2
2026-09-15T15:27:11.869955+00:00,2,13,0,0,1,1,2
2026-09-15T15:28:12.889736+00:00,2,13,0,0,1,1,2
2026-09-15T15:29:13.057897+00:00,4,15,0,1,0,2,3
2026-09-15T15:30:17.180633+00:00,4,15,0,1,0,2,3
2026-09-15T15:31:12.526614+00:00,4,15,0,1,0,2,3
2026-09-15T15:32:15.460948+00:00,5,17,0,0,3,0,3
2026-09-15T15:33:12.740664+00:00,5,17,0,0,3,0,3
2026-09-15T15:34:17.959830+00:00,5,17,0,0,3,0,3
2026-09-15T15:35:16.069068+00:00,2,17,0,0,2,0,2
2026-09-15T15:36:13.183564+00:00,2,17,0,0,2,0,2
2026-09-15T15:37:14.416327+00:00,2,17,0,0,2,0,2
2026-09-15T15:38:12.947082+00:00,5,18,0,1,1,2,4
2026-09-15T15:39:12.391419+00:00,5,18,0,1,1,2,4
2026-09-15T15:40:19.265941+00:00,5,18,0,1,1,2,4
2026-09-15T15:41:12.910925+00:00,13,25,0,2,5,4,11
2026-09-15T15:42:11.843826+00:00,13,25,0,2,5,4,11
2026-09-15T15:43:14.624694+00:00,13,25,0,2,5,4,11
2026-09-15T15:44:16.501250+00:00,13,27,0,3,4,5,12
2026-09-15T15:45:17.908458+00:00,13,27,0,3,4,5,12
2026-09-15T15:46:21.918363+00:00,13,27,0,3,4,5,12
2026-09-15T15:47:12.690941+00:00,19,32,0,2,9,6,17
2026-09-15T15:48:12.443176+00:00,19,32,0,2,9,6,17
2026-09-15T15:49:12.091747+00:00,19,32,0,2,9,6,17
2026-09-15T15:50:14.673947+00:00,21,34,0,8,5,6,19
2026-09-15T15:51:12.030699+00:00,21,34,0,8,5,6,19
2026-09-15T15:52:12.704285+00:00,21,34,0,8,5,6,19
2026-09-15T15:53:16.641311+00:00,21,36,0,7,6,7,20
2026-09-15T15:54:13.058198+00:00,21,36,0,7,6,7,20
2026-09-15T15:55:14.902309+00:00,21,36,0,7,6,7,20
2026-09-15T15:56:13.013126+00:00,15,36,0,5,4,4,13
2026-09-15T15:57:13.483132+00:00,15,36,0,5,4,4,13
2026-09-15T15:58:14.613630+00:00,15,36,0,5,4,4,13
2026-09-15T15:59:12.667537+00:00,15,36,0,5,3,5,13
2026-09-15T16:00:20.251797+00:00,15,36,0,5,3,5,13
2026-09-15T16:01:14.221919+00:00,15,36,0,5,3,5,13
2026-09-15T16:02:14.545634+00:00,15,36,0,4,3,7,14
2026-09-15T16:03:13.614378+00:00,15,36,0,4,3,7,14
2026-09-15T16:04:16.158749+00:00,15,36,0,4,3,7,14
2026-09-15T16:05:14.708312+00:00,23,40,0,5,7,6,18
2026-09-15T16:06:12.447271+00:00,23,40,0,5,7,6,18
2026-09-15T16:07:14.859862+00:00,23,40,0,5,7,6,18
2026-09-15T16:08:16.009007+00:00,21,40,0,7,5,4,16
2026-09-15T16:09:13.733106+00:00,21,40,0,7,5,4,16
2026-09-15T16:10:18.552282+00:00,21,40,0,7,5,4,16
2026-09-15T16:11:17.580695+00:00,14,40,0,6,1,3,10
2026-09-15T16:12:18.092148+00:00,14,40,0,6,1,3,10
2026-09-15T16:13:15.896881+00:00,14,40,0,6,1,3,10
2026-09-15T16:14:19.746649+00:00,19,43,0,5,5,5,15
2026-09-15T16:15:16.822874+00:00,19,43,0,5,5,5,15
2026-09-15T16:16:15.004507+00:00,19,43,0,5,5,5,15
2026-09-15T16:17:13.836072+00:00,12,43,0,3,3,4,10
2026-09-15T16:18:16.836775+00:00,12,43,0,3,3,4,10
2026-09-15T16:19:18.187867+00:00,12,43,0,3,3,4,10
2026-09-15T16:20:17.452327+00:00,23,43,0,5,8,5,18
2026-09-15T16:21:26.642685+00:00,23,43,0,5,8,5,18
2026-09-15T16:22:14.604263+00:00,23,43,0,5,8,5,18
2026-09-15T16:23:14.622561+00:00,19,44,0,5,6,6,17
2026-09-15T16:24:14.774091+00:00,19,44,0,5,6,6,17
2026-09-15T16:25:15.013399+00:00,19,44,0,5,6,6,17
2026-09-15T16:26:14.634389+00:00,14,46,0,3,7,4,14
2026-09-15T16:27:14.622909+00:00,14,46,0,3,7,4,14
2026-09-15T16:28:14.377571+00:00,14,46,0,3,7,4,14
2026-09-15T16:29:16.754374+00:00,16,46,0,2,8,4,14
2026-09-15T16:30:22.293968+00:00,16,46,0,2,8,4,14
2026-09-15T16:31:19.514144+00:00,16,46,0,2,8,4,14
2026-09-15T16:32:14.747884+00:00,20,48,0,5,7,6,18
2026-09-15T16:33:19.593941+00:00,20,48,0,5,7,6,18
2026-09-15T16:34:18.571873+00:00,20,48,0,5,7,6,18
2026-09-15T16:35:16.093246+00:00,16,48,0,3,5,5,13
2026-09-15T16:36:25.808009+00:00,16,48,0,3,5,5,13
2026-09-15T16:37:19.069291+00:00,16,48,0,3,5,5,13
2026-09-15T16:38:19.821340+00:00,16,48,0,3,7,3,13
2026-09-15T16:39:30.248204+00:00,16,48,0,3,7,3,13
2026-09-15T16:40:22.308071+00:00,16,48,0,3,7,3,13
2026-09-15T16:41:16.608486+00:00,17,48,0,5,6,3,14
2026-09-15T16:42:13.434728+00:00,17,48,0,5,6,3,14
2026-09-15T16:43:13.764067+00:00,17,48,0,5,6,3,14
2026-09-15T16:44:27.559672+00:00,22,50,0,6,7,6,19
2026-09-15T16:45:18.677408+00:00,22,50,0,6,7,6,19
2026-09-15T16:46:14.572362+00:00,22,50,0,6,7,6,19
2026-09-15T16:47:13.446261+00:00,22,51,0,4,7,8,19
2026-09-15T16:48:16.997186+00:00,22,51,0,4,7,8,19
2026-09-15T16:49:17.893830+00:00,22,51,0,4,7,8,19
2026-09-15T16:50:15.378429+00:00,19,51,0,6,6,4,16
2026-09-15T16:51:16.147493+00:00,19,51,0,6,6,4,16
2026-09-15T16:52:21.167954+00:00,19,51,0,6,6,4,16
2026-09-15T16:53:22.947247+00:00,20,51,0,5,7,5,17
2026-09-15T16:54:14.580527+00:00,20,51,0,5,7,5,17
2026-09-15T16:55:27.011956+00:00,20,51,0,5,7,5,17
2026-09-15T16:56:34.038267+00:00,19,52,0,7,6,5,18
2026-09-15T16:57:26.906659+00:00,19,52,0,7,6,5,18
2026-09-15T16:58:20.465176+00:00,19,52,0,7,6,5,18
2026-09-15T16:59:22.591837+00:00,23,54,0,8,7,8,23
2026-09-15T17:01:05.544627+00:00,23,54,0,8,7,8,23
2026-09-15T17:01:50.102837+00:00,23,54,0,8,7,8,23
2026-09-15T17:02:29.583994+00:00,21,54,1,5,7,8,21
2026-09-15T17:03:22.379387+00:00,21,54,1,5,7,8,21
2026-09-15T17:04:16.527644+00:00,21,54,1,5,7,8,21
2026-09-15T17:05:15.669691+00:00,21,55,0,7,7,7,21
2026-09-15T17:06:14.823469+00:00,21,55,0,7,7,7,21
2026-09-15T17:07:15.721592+00:00,21,55,0,7,7,7,21
2026-09-15T17:08:14.534874+00:00,20,57,0,7,5,7,19
2026-09-15T17:09:24.036875+00:00,20,57,0,7,5,7,19
2026-09-15T17:10:27.158581+00:00,20,57,0,7,5,7,19
2026-09-15T17:11:24.543572+00:00,20,58,0,8,5,7,20
2026-09-15T17:12:20.256173+00:00,20,58,0,8,5,7,20
2026-09-15T17:13:18.606321+00:00,20,58,0,8,5,7,20
2026-09-15T17:14:14.016418+00:00,21,59,2,7,6,6,21
2026-09-15T17:15:20.039050+00:00,21,59,2,7,6,6,21
2026-09-15T17:16:13.218216+00:00,21,59,2,7,6,6,21
2026-09-15T17:17:13.714730+00:00,15,59,0,5,4,6,15
2026-09-15T17:18:13.175428+00:00,15,59,0,5,4,6,15
2026-09-15T17:19:15.873837+00:00,15,59,0,5,4,6,15
2026-09-15T17:20:17.891158+00:00,19,59,0,6,6,7,19
2026-09-15T17:21:14.097256+00:00,19,59,0,6,6,7,19
2026-09-15T17:22:21.382505+00:00,19,59,0,6,6,7,19
2026-09-15T17:23:12.605510+00:00,18,59,0,6,5,7,18
2026-09-15T17:24:16.514410+00:00,18,59,0,6,5,7,18
2026-09-15T17:25:23.317859+00:00,18,59,0,6,5,7,18
2026-09-15T17:26:17.352737+00:00,16,59,0,5,6,5,16
2026-09-15T17:27:14.274495+00:00,16,59,0,5,6,5,16
2026-09-15T17:28:18.404077+00:00,16,59,0,5,6,5,16
2026-09-15T17:29:12.639658+00:00,17,59,0,7,4,5,16
2026-09-15T17:30:21.055185+00:00,17,59,0,7,4,5,16
2026-09-15T17:31:16.248424+00:00,17,59,0,7,4,5,16
2026-09-15T17:32:20.221359+00:00,20,60,0,7,4,9,20
2026-09-15T17:33:13.312627+00:00,20,60,0,7,4,9,20
2026-09-15T17:34:14.217840+00:00,20,60,0,7,4,9,20
2026-09-15T17:35:30.366619+00:00,18,61,0,7,6,5,18
2026-09-15T17:36:26.439197+00:00,18,61,0,7,6,5,18
2026-09-15T17:37:12.912202+00:00,18,61,0,7,6,5,18
2026-09-15T17:38:21.669965+00:00,18,63,0,7,6,5,18
2026-09-15T17:39:13.795107+00:00,18,63,0,7,6,5,18
2026-09-15T17:40:18.773159+00:00,18,63,0,7,6,5,18
2026-09-15T17:41:30.926932+00:00,16,65,0,6,5,5,16
2026-09-15T17:42:27.067211+00:00,0,65,0,0,0,0,0
2026-09-15T17:43:24.553584+00:00,16,65,0,6,5,5,16
2026-09-15T17:44:16.230190+00:00,18,66,0,9,3,6,18
2026-09-15T17:45:32.355680+00:00,18,66,0,9,3,6,18
2026-09-15T17:46:14.098643+00:00,18,66,0,9,3,6,18
2026-09-15T17:47:19.680468+00:00,20,66,0,9,6,5,20
2026-09-15T17:48:14.179316+00:00,20,66,0,9,6,5,20
2026-09-15T17:49:14.808201+00:00,20,66,0,9,6,5,20
2026-09-15T17:50:16.183819+00:00,15,66,0,7,4,4,15
2026-09-15T17:51:19.218704+00:00,15,66,0,7,4,4,15
2026-09-15T17:52:25.274737+00:00,15,66,0,7,4,4,15
2026-09-15T17:53:16.833149+00:00,18,68,0,7,6,5,18
2026-09-15T17:54:14.277777+00:00,18,68,0,7,6,5,18
2026-09-15T17:57:02.674978+00:00,20,68,0,8,7,5,20
2026-09-15T17:57:48.360244+00:00,20,68,0,8,7,5,20
2026-09-15T17:58:52.918751+00:00,20,68,0,8,7,5,20
2026-09-15T17:59:31.698071+00:00,16,68,0,5,5,6,16
2026-09-15T18:00:25.691893+00:00,16,68,0,5,5,6,16
2026-09-15T18:01:23.506636+00:00,16,68,0,5,5,6,16
2026-09-15T18:02:23.371060+00:00,12,69,0,5,4,2,11
2026-09-15T18:03:13.843879+00:00,12,69,0,5,4,2,11
2026-09-15T18:04:12.889877+00:00,12,69,0,5,4,2,11
2026-09-15T18:05:18.436496+00:00,22,71,0,7,5,6,18
2026-09-15T18:06:20.511427+00:00,22,71,0,7,5,6,18
2026-09-15T18:07:13.495279+00:00,22,71,0,7,5,6,18
2026-09-15T18:08:14.882114+00:00,19,71,0,7,3,7,17
2026-09-15T18:09:13.886630+00:00,19,71,0,7,3,7,17
2026-09-15T18:10:22.693023+00:00,19,71,0,7,3,7,17
2026-09-15T18:11:21.869249+00:00,22,76,0,6,7,6,19
2026-09-15T18:12:16.858132+00:00,22,76,0,6,7,6,19
2026-09-15T18:13:15.139331+00:00,22,76,0,6,7,6,19
2026-09-15T18:14:17.721801+00:00,17,76,0,5,4,6,15
2026-09-15T18:15:19.207122+00:00,17,76,0,5,4,6,15
2026-09-15T18:16:22.443422+00:00,17,76,0,5,4,6,15
2026-09-15T18:17:30.495558+00:00,21,77,0,7,5,7,19
2026-09-15T18:18:33.325619+00:00,21,77,0,7,5,7,19
2026-09-15T18:19:14.514984+00:00,21,77,0,7,5,7,19
2026-09-15T18:20:17.031597+00:00,23,77,0,7,6,8,21
2026-09-15T18:21:14.918916+00:00,0,77,0,0,0,0,0
2026-09-15T18:22:17.562024+00:00,23,77,0,7,6,8,21
2026-09-15T18:23:31.887233+00:00,21,77,0,8,7,4,19
2026-09-15T18:24:13.446682+00:00,21,77,0,8,7,4,19
2026-09-15T18:25:19.393259+00:00,21,77,0,8,7,4,19
2026-09-15T18:26:13.384346+00:00,19,77,0,6,5,6,17
2026-09-15T18:27:17.614824+00:00,19,77,0,6,5,6,17
2026-09-15T18:28:12.517090+00:00,19,77,0,6,5,6,17
2026-09-15T18:29:12.752352+00:00,19,77,0,5,6,6,17
2026-09-15T18:30:24.867351+00:00,19,77,0,5,6,6,17
2026-09-15T18:31:38.007210+00:00,19,77,0,5,6,6,17
2026-09-15T18:32:28.981829+00:00,20,77,0,6,6,6,18
2026-09-15T18:33:13.536473+00:00,20,77,0,6,6,6,18
2026-09-15T18:34:13.131766+00:00,20,77,0,6,6,6,18
2026-09-15T18:35:15.410807+00:00,21,78,0,7,6,8,21
2026-09-15T18:36:17.538120+00:00,21,78,0,7,6,8,21
2026-09-15T18:37:12.920879+00:00,21,78,0,7,6,8,21
2026-09-15T18:38:14.570577+00:00,11,79,0,0,5,3,8
2026-09-15T18:39:13.382626+00:00,11,79,0,0,5,3,8
2026-09-15T18:40:24.017175+00:00,11,79,0,0,5,3,8
2026-09-15T18:41:14.193571+00:00,11,79,0,1,4,6,11
2026-09-15T18:42:21.437419+00:00,11,79,0,1,4,6,11
2026-09-15T18:43:17.431700+00:00,11,79,0,1,4,6,11
2026-09-15T18:44:16.146802+00:00,15,80,0,3,5,5,13
2026-09-15T18:45:17.593258+00:00,15,80,0,3,5,5,13
2026-09-15T18:46:17.447465+00:00,15,80,0,3,5,5,13
2026-09-15T18:47:12.809644+00:00,13,80,0,4,5,4,13
2026-09-15T18:48:12.795753+00:00,13,80,0,4,5,4,13
2026-09-15T18:49:13.653549+00:00,13,80,0,4,5,4,13
2026-09-15T18:50:16.153988+00:00,10,80,0,3,4,3,10
2026-09-15T18:51:13.065353+00:00,10,80,0,3,4,3,10
2026-09-15T18:52:15.584934+00:00,10,80,0,3,4,3,10
2026-09-15T18:53:13.595426+00:00,9,80,0,1,5,3,9
2026-09-15T18:54:13.644057+00:00,9,80,0,1,5,3,9
2026-09-15T18:55:15.633429+00:00,9,80,0,1,5,3,9
2026-09-15T18:56:13.350080+00:00,8,80,0,0,4,4,8
2026-09-15T18:57:13.989922+00:00,8,80,0,0,4,4,8
2026-09-15T18:58:19.412365+00:00,8,80,0,0,4,4,8
2026-09-15T18:59:15.387046+00:00,6,80,0,0,3,3,6
2026-09-15T19:00:27.898958+00:00,6,80,0,0,3,3,6
2026-09-15T19:01:15.266086+00:00,0,80,0,0,0,0,0
2026-09-15T19:02:38.059727+00:00,7,80,0,1,4,2,7
2026-09-15T19:03:40.378334+00:00,7,80,0,1,4,2,7
2026-09-15T19:04:42.060398+00:00,7,80,0,1,4,2,7
2026-09-15T19:05:26.190260+00:00,4,80,0,0,3,1,4
2026-09-15T19:06:25.399658+00:00,4,80,0,0,3,1,4
2026-09-15T19:07:16.579297+00:00,4,80,0,0,3,1,4
2026-09-15T19:08:13.521613+00:00,0,80,0,0,0,0,0
2026-09-15T19:09:13.216641+00:00,9,82,0,0,5,4,9
2026-09-15T19:10:14.401939+00:00,9,82,0,0,5,4,9
2026-09-15T19:11:16.090143+00:00,10,82,0,0,3,7,10
2026-09-15T19:12:19.351031+00:00,10,82,0,0,3,7,10
2026-09-15T19:13:14.764389+00:00,10,82,0,0,3,7,10
2026-09-15T19:14:13.337811+00:00,12,85,0,2,6,4,12
2026-09-15T19:15:21.591572+00:00,12,85,0,2,6,4,12
2026-09-15T19:16:13.479744+00:00,12,85,0,2,6,4,12
2026-09-15T19:17:14.145618+00:00,16,87,0,5,5,5,15
2026-09-15T19:18:15.337236+00:00,16,87,0,5,5,5,15
2026-09-15T19:19:12.401239+00:00,16,87,0,5,5,5,15
2026-09-15T19:20:14.413147+00:00,9,88,0,1,6,1,8
2026-09-15T19:21:12.631233+00:00,9,88,0,1,6,1,8
2026-09-15T19:22:15.976314+00:00,9,88,0,1,6,1,8
2026-09-15T19:23:17.315962+00:00,5,88,0,0,3,1,4
2026-09-15T19:24:30.676443+00:00,5,88,0,0,3,1,4
2026-09-15T19:25:34.336870+00:00,5,88,0,0,3,1,4
2026-09-15T19:26:27.126163+00:00,1,88,0,0,0,1,1
2026-09-15T19:27:20.623574+00:00,1,88,0,0,0,1,1
2026-09-15T19:28:15.703845+00:00,1,88,0,0,0,1,1
2026-09-15T19:29:15.253522+00:00,2,88,0,0,1,1,2
2026-09-15T19:30:20.702530+00:00,2,88,0,0,1,1,2
2026-09-15T19:31:15.342297+00:00,2,88,0,0,1,1,2
2026-09-15T19:32:14.061009+00:00,5,89,0,1,2,1,4
2026-09-15T19:33:16.312847+00:00,5,89,0,1,2,1,4
2026-09-15T19:34:16.925035+00:00,5,89,0,1,2,1,4
2026-09-15T19:35:17.024601+00:00,6,90,0,0,4,2,6
2026-09-15T19:36:13.242450+00:00,6,90,0,0,4,2,6
2026-09-15T19:37:16.952139+00:00,6,90,0,0,4,2,6
2026-09-15T19:38:13.239208+00:00,8,92,0,0,3,4,7
2026-09-15T19:39:16.743017+00:00,8,92,0,0,3,4,7
2026-09-15T19:40:13.720185+00:00,8,92,0,0,3,4,7
2026-09-15T19:41:19.135115+00:00,8,93,0,0,2,4,6
2026-09-15T19:42:11.936263+00:00,8,93,0,0,2,4,6
2026-09-15T19:43:12.270496+00:00,8,93,0,0,2,4,6
2026-09-15T19:44:12.009143+00:00,8,94,0,1,5,2,8
2026-09-15T19:45:24.286998+00:00,8,94,0,1,5,2,8
2026-09-15T19:46:14.536146+00:00,8,94,0,1,5,2,8
2026-09-15T19:47:19.893876+00:00,3,94,0,0,2,0,2
2026-09-15T19:48:12.644048+00:00,3,94,0,0,2,0,2
2026-09-15T19:49:14.379132+00:00,3,94,0,0,2,0,2
2026-09-15T19:50:15.204626+00:00,3,94,0,1,0,1,2
2026-09-15T19:51:16.890155+00:00,3,94,0,1,0,1,2
2026-09-15T19:52:24.810413+00:00,3,94,0,1,0,1,2
2026-09-15T19:53:13.284726+00:00,1,94,0,0,0,1,1
2026-09-15T19:54:11.947978+00:00,1,94,0,0,0,1,1
2026-09-15T19:55:14.220442+00:00,1,94,0,0,0,1,1
2026-09-15T19:56:12.592552+00:00,2,94,0,0,1,0,1
2026-09-15T19:57:12.247349+00:00,2,94,0,0,1,0,1
2026-09-15T19:58:13.432199+00:00,2,94,0,0,1,0,1
2026-09-15T19:59:13.461471+00:00,1,94,0,0,0,1,1
2026-09-15T20:00:22.078262+00:00,1,94,0,0,0,1,1
2026-09-15T20:01:15.546584+00:00,1,94,0,0,0,1,1
2026-09-15T20:02:13.794015+00:00,1,94,0,0,1,0,1
2026-09-15T20:03:12.961376+00:00,1,94,0,0,1,0,1
2026-09-15T20:04:19.671322+00:00,1,94,0,0,1,0,1
2026-09-15T20:05:15.216045+00:00,5,96,0,0,1,2,3
2026-09-15T20:06:15.719730+00:00,5,96,0,0,1,2,3
2026-09-15T20:07:12.280257+00:00,5,96,0,0,1,2,3
2026-09-15T20:08:12.795658+00:00,5,96,0,0,2,2,4
2026-09-15T20:09:12.897308+00:00,5,96,0,0,2,2,4
2026-09-15T20:10:15.612663+00:00,5,96,0,0,2,2,4
2026-09-15T20:11:12.126156+00:00,0,96,0,0,0,0,0
2026-09-15T20:12:13.542089+00:00,0,96,0,0,0,0,0
2026-09-15T20:13:12.509547+00:00,0,96,0,0,0,0,0
2026-09-15T20:14:13.049389+00:00,0,96,0,0,0,0,0
2026-09-15T20:15:20.043226+00:00,0,96,0,0,0,0,0
2026-09-15T20:16:14.754426+00:00,0,96,0,0,0,0,0
2026-09-15T20:17:13.243038+00:00,5,98,0,0,1,1,2
2026-09-15T20:18:13.023855+00:00,5,98,0,0,1,1,2
2026-09-15T20:19:14.052160+00:00,5,98,0,0,1,1,2
2026-09-15T20:20:14.897687+00:00,3,98,0,0,0,0,0
2026-09-15T20:21:13.201730+00:00,3,98,0,0,0,0,0
2026-09-15T20:22:14.851437+00:00,3,98,0,0,0,0,0
2026-09-15T20:23:13.176290+00:00,5,99,0,0,2,3,5
2026-09-15T20:24:12.560867+00:00,5,99,0,0,2,3,5
2026-09-15T20:25:15.124148+00:00,5,99,0,0,2,3,5
2026-09-15T20:26:13.533173+00:00,5,100,0,0,3,2,5
2026-09-15T20:27:23.081408+00:00,5,100,0,0,3,2,5
2026-09-15T20:28:12.847443+00:00,5,100,0,0,3,2,5
2026-09-15T20:29:13.881755+00:00,0,100,0,0,0,0,0
2026-09-15T20:30:19.110803+00:00,0,100,0,0,0,0,0
2026-09-15T20:31:15.606756+00:00,0,100,0,0,0,0,0
2026-09-15T20:32:13.237603+00:00,3,100,0,0,2,1,3
2026-09-15T20:33:12.878702+00:00,3,100,0,0,2,1,3
2026-09-15T20:34:13.692212+00:00,3,100,0,0,2,1,3
2026-09-15T20:35:14.416372+00:00,11,105,0,0,5,5,10
2026-09-15T20:36:13.535285+00:00,11,105,0,0,5,5,10
2026-09-15T20:37:13.780381+00:00,11,105,0,0,5,5,10
2026-09-15T20:38:13.345068+00:00,1,105,0,1,0,0,1
2026-09-15T20:39:14.109680+00:00,1,105,0,1,0,0,1
2026-09-15T20:40:15.451818+00:00,1,105,0,1,0,0,1
2026-09-15T20:41:13.724781+00:00,3,106,0,1,1,0,2
2026-09-15T20:42:14.439322+00:00,3,106,0,1,1,0,2
2026-09-15T20:43:15.027351+00:00,3,106,0,1,1,0,2
2026-09-15T20:44:13.579706+00:00,2,106,0,0,1,1,2
2026-09-15T20:45:17.853723+00:00,2,106,0,0,1,1,2
2026-09-15T20:46:16.408574+00:00,2,106,0,0,1,1,2
2026-09-15T20:47:12.836496+00:00,2,106,0,0,1,1,2
2026-09-15T20:48:13.304678+00:00,2,106,0,0,1,1,2
2026-09-15T20:49:13.730297+00:00,2,106,0,0,1,1,2
2026-09-15T20:50:16.321914+00:00,5,106,0,0,3,0,3
2026-09-15T20:51:13.718216+00:00,5,106,0,0,3,0,3
2026-09-15T20:52:13.560738+00:00,5,106,0,0,3,0,3
2026-09-15T20:53:13.955725+00:00,13,113,0,1,6,6,13
2026-09-15T20:54:13.092238+00:00,13,113,0,1,6,6,13
2026-09-15T20:55:15.405747+00:00,13,113,0,1,6,6,13
2026-09-15T20:56:14.191171+00:00,13,116,0,2,6,4,12
2026-09-15T20:57:13.656638+00:00,13,116,0,2,6,4,12
2026-09-15T20:58:13.060865+00:00,13,116,0,2,6,4,12
2026-09-15T20:59:14.989114+00:00,15,119,0,0,7,5,12
2026-09-15T21:00:27.078592+00:00,15,119,0,0,7,5,12
2026-09-15T21:01:15.612682+00:00,15,119,0,0,7,5,12
2026-09-15T21:02:14.773575+00:00,7,119,0,0,3,3,6
2026-09-15T21:03:14.187805+00:00,7,119,0,0,3,3,6
2026-09-15T21:04:13.982646+00:00,7,119,0,0,3,3,6
2026-09-15T21:05:15.262500+00:00,9,119,0,2,3,4,9
2026-09-15T21:06:13.321889+00:00,9,119,0,2,3,4,9
2026-09-15T21:07:13.851030+00:00,9,119,0,2,3,4,9
2026-09-15T21:08:13.318186+00:00,2,119,0,0,0,2,2
2026-09-15T21:09:14.001007+00:00,2,119,0,0,0,2,2
2026-09-15T21:10:15.934405+00:00,2,119,0,0,0,2,2
2026-09-15T21:11:13.708171+00:00,1,119,0,0,0,0,0
2026-09-15T21:12:12.147500+00:00,1,119,0,0,0,0,0
2026-09-15T21:13:12.868638+00:00,1,119,0,0,0,0,0
2026-09-15T21:14:13.265949+00:00,0,119,0,0,0,0,0
2026-09-15T21:15:19.175455+00:00,0,119,0,0,0,0,0
2026-09-15T21:16:16.926406+00:00,0,119,0,0,0,0,0
2026-09-15T21:17:13.496467+00:00,0,119,0,0,0,0,0
2026-09-15T21:18:19.594628+00:00,0,119,0,0,0,0,0
2026-09-15T21:19:13.204935+00:00,0,119,0,0,0,0,0
2026-09-15T21:20:16.856707+00:00,1,119,0,0,0,0,0
2026-09-15T21:21:12.982304+00:00,1,119,0,0,0,0,0
2026-09-15T21:22:14.880938+00:00,1,119,0,0,0,0,0
2026-09-15T21:23:13.388047+00:00,6,121,0,0,2,1,3
2026-09-15T21:24:12.793349+00:00,6,121,0,0,2,1,3
2026-09-15T21:25:15.291332+00:00,6,121,0,0,2,1,3
2026-09-15T21:26:12.496921+00:00,5,121,0,0,1,4,5
2026-09-15T21:27:14.345304+00:00,5,121,0,0,1,4,5
2026-09-15T21:28:12.945910+00:00,5,121,0,0,1,4,5
2026-09-15T21:29:13.070455+00:00,10,125,0,0,4,4,8
2026-09-15T21:31:14.686005+00:00,10,125,0,0,4,4,8
2026-09-15T21:32:13.278992+00:00,7,126,0,0,3,2,5
2026-09-15T21:33:13.679867+00:00,7,126,0,0,3,2,5
2026-09-15T21:34:14.156559+00:00,7,126,0,0,3,2,5
2026-09-15T21:35:15.088314+00:00,6,126,0,1,4,1,6
2026-09-15T21:36:14.181792+00:00,6,126,0,1,4,1,6
2026-09-15T21:37:13.702084+00:00,6,126,0,1,4,1,6
2026-09-15T21:38:13.854619+00:00,5,126,0,1,2,2,5
2026-09-15T21:39:13.655622+00:00,5,126,0,1,2,2,5
2026-09-15T21:40:14.755485+00:00,5,126,0,1,2,2,5
2026-09-15T21:41:13.348457+00:00,6,126,0,1,3,2,6
2026-09-15T21:42:12.720758+00:00,6,126,0,1,3,2,6
2026-09-15T21:43:13.355748+00:00,6,126,0,1,3,2,6
2026-09-15T21:44:14.404023+00:00,13,132,0,0,4,7,11
2026-09-15T21:45:19.822001+00:00,13,132,0,0,4,7,11
2026-09-15T21:46:12.599409+00:00,13,132,0,0,4,7,11
2026-09-15T21:47:13.772323+00:00,9,133,0,2,4,3,9
2026-09-15T21:48:12.887601+00:00,9,133,0,2,4,3,9
2026-09-15T21:49:14.509585+00:00,9,133,0,2,4,3,9
2026-09-15T21:50:14.550086+00:00,11,134,0,0,5,6,11
2026-09-15T21:51:13.366933+00:00,11,134,0,0,5,6,11
2026-09-15T21:52:14.902626+00:00,11,134,0,0,5,6,11
2026-09-15T21:53:13.312769+00:00,14,137,1,0,7,3,11
2026-09-15T21:54:12.796575+00:00,14,137,1,0,7,3,11
2026-09-15T21:55:15.900318+00:00,14,137,1,0,7,3,11
2026-09-15T21:56:12.419202+00:00,9,138,0,1,4,3,8
2026-09-15T21:57:13.101694+00:00,9,138,0,1,4,3,8
2026-09-15T21:58:13.100988+00:00,9,138,0,1,4,3,8
2026-09-15T21:59:14.168973+00:00,11,140,0,0,4,6,10
2026-09-15T22:00:21.736901+00:00,11,140,0,0,4,6,10
2026-09-15T22:01:20.379999+00:00,11,140,0,0,4,6,10
2026-09-15T22:02:13.764480+00:00,4,140,0,1,0,1,2
2026-09-15T22:03:13.775908+00:00,4,140,0,1,0,1,2
2026-09-15T22:04:13.191454+00:00,4,140,0,1,0,1,2
2026-09-15T22:05:15.059380+00:00,2,140,0,0,1,1,2
2026-09-15T22:06:13.598472+00:00,2,140,0,0,1,1,2
2026-09-15T22:07:12.613126+00:00,2,140,0,0,1,1,2
2026-09-15T22:08:12.679210+00:00,3,140,0,0,3,0,3
2026-09-15T22:09:13.258104+00:00,3,140,0,0,3,0,3
2026-09-15T22:10:16.541991+00:00,3,140,0,0,3,0,3
2026-09-15T22:11:13.629200+00:00,6,140,0,1,2,2,5
2026-09-15T22:12:13.294334+00:00,6,140,0,1,2,2,5
2026-09-15T22:13:13.249760+00:00,6,140,0,1,2,2,5
2026-09-15T22:14:13.502946+00:00,10,140,0,2,3,4,9
2026-09-15T22:15:18.780463+00:00,10,140,0,2,3,4,9
2026-09-15T22:16:17.202081+00:00,10,140,0,2,3,4,9
2026-09-15T22:17:14.676169+00:00,5,141,0,1,1,0,2
2026-09-15T22:18:13.498912+00:00,5,141,0,1,1,0,2
2026-09-15T22:19:18.908649+00:00,5,141,0,1,1,0,2
2026-09-15T22:20:16.421900+00:00,5,141,0,0,3,2,5
2026-09-15T22:21:14.844327+00:00,5,141,0,0,3,2,5
2026-09-15T22:22:15.213614+00:00,5,141,0,0,3,2,5
2026-09-15T22:23:13.436039+00:00,4,142,0,0,3,0,3
2026-09-15T22:24:12.629419+00:00,4,142,0,0,3,0,3
2026-09-15T22:25:14.022774+00:00,4,142,0,0,3,0,3
2026-09-15T22:26:12.037500+00:00,1,142,0,0,0,0,0
2026-09-15T22:27:12.421289+00:00,1,142,0,0,0,0,0
2026-09-15T22:28:12.989834+00:00,1,142,0,0,0,0,0
2026-09-15T22:29:12.370552+00:00,0,142,0,0,0,0,0
2026-09-15T22:30:20.568895+00:00,0,142,0,0,0,0,0
2026-09-15T22:31:13.711787+00:00,0,142,0,0,0,0,0
2026-09-15T22:32:12.329035+00:00,4,142,0,0,2,1,3
2026-09-15T22:33:16.220799+00:00,4,142,0,0,2,1,3
2026-09-15T22:34:13.467173+00:00,4,142,0,0,2,1,3
2026-09-15T22:35:14.818394+00:00,1,142,0,0,0,1,1
2026-09-15T22:36:12.172489+00:00,1,142,0,0,0,1,1
2026-09-15T22:37:13.287047+00:00,1,142,0,0,0,1,1
2026-09-15T22:38:11.918492+00:00,1,142,0,0,0,0,0
2026-09-15T22:39:13.966794+00:00,1,142,0,0,0,0,0
2026-09-15T22:40:15.854607+00:00,1,142,0,0,0,0,0
2026-09-15T22:41:12.535776+00:00,1,142,0,1,0,0,1
2026-09-15T22:42:14.218349+00:00,1,142,0,1,0,0,1
2026-09-15T22:43:13.746769+00:00,1,142,0,1,0,0,1
2026-09-15T22:44:13.276387+00:00,0,142,0,0,0,0,0
2026-09-15T22:45:17.863669+00:00,0,142,0,0,0,0,0
2026-09-15T22:46:16.850167+00:00,0,142,0,0,0,0,0
2026-09-15T22:47:13.332513+00:00,6,144,0,0,2,2,4
2026-09-15T22:48:16.367586+00:00,6,144,0,0,2,2,4
2026-09-15T22:49:12.514154+00:00,6,144,0,0,2,2,4
2026-09-15T22:50:16.062319+00:00,0,144,0,0,0,0,0
2026-09-15T22:51:12.074571+00:00,0,144,0,0,0,0,0
2026-09-15T22:52:12.703371+00:00,0,144,0,0,0,0,0
2026-09-15T22:53:12.746765+00:00,1,144,0,0,0,0,0
2026-09-15T22:54:12.849016+00:00,1,144,0,0,0,0,0
2026-09-15T22:55:15.790336+00:00,1,144,0,0,0,0,0
2026-09-15T22:56:11.773913+00:00,4,144,0,0,2,2,4
2026-09-15T22:57:13.174025+00:00,4,144,0,0,2,2,4
2026-09-15T22:58:12.186893+00:00,4,144,0,0,2,2,4
2026-09-15T22:59:12.815874+00:00,4,144,0,1,0,1,2
2026-09-15T23:00:21.165565+00:00,4,144,0,1,0,1,2
2026-09-15T23:01:16.807561+00:00,4,144,0,1,0,1,2
2026-09-15T23:02:13.291046+00:00,0,144,0,0,0,0,0
2026-09-15T23:03:12.887043+00:00,0,144,0,0,0,0,0
2026-09-15T23:04:12.869206+00:00,0,144,0,0,0,0,0
2026-09-15T23:05:15.941233+00:00,0,144,0,0,0,0,0
2026-09-15T23:06:13.637186+00:00,0,144,0,0,0,0,0
2026-09-15T23:07:13.912071+00:00,0,144,0,0,0,0,0
2026-09-15T23:08:12.072703+00:00,2,144,0,1,1,0,2
2026-09-15T23:09:13.878829+00:00,2,144,0,1,1,0,2
2026-09-15T23:10:16.641605+00:00,2,144,0,1,1,0,2
2026-09-15T23:11:14.136729+00:00,0,144,0,0,0,0,0
2026-09-15T23:12:12.474180+00:00,0,144,0,0,0,0,0
2026-09-15T23:13:13.565467+00:00,0,144,0,0,0,0,0
2026-09-15T23:14:12.712531+00:00,0,144,0,0,0,0,0
2026-09-15T23:15:19.280197+00:00,0,144,0,0,0,0,0
2026-09-15T23:16:20.801714+00:00,0,144,0,0,0,0,0
2026-09-15T23:17:13.148984+00:00,0,144,0,0,0,0,0
2026-09-15T23:18:13.274072+00:00,0,144,0,0,0,0,0
2026-09-15T23:19:13.189628+00:00,0,144,0,0,0,0,0
2026-09-15T23:20:14.371213+00:00,2,144,0,0,0,0,0
2026-09-15T23:21:14.359167+00:00,2,144,0,0,0,0,0
2026-09-15T23:22:12.672117+00:00,2,144,0,0,0,0,0
2026-09-15T23:23:13.973063+00:00,7,149,1,0,3,2,6
2026-09-15T23:24:12.808857+00:00,7,149,1,0,3,2,6
2026-09-15T23:25:15.831256+00:00,7,149,1,0,3,2,6
2026-09-15T23:26:13.779539+00:00,6,149,0,1,3,2,6
2026-09-15T23:27:12.492771+00:00,6,149,0,1,3,2,6
2026-09-15T23:28:13.128999+00:00,6,149,0,1,3,2,6
2026-09-15T23:29:12.761960+00:00,6,151,0,0,1,3,4
2026-09-15T23:30:20.222717+00:00,6,151,0,0,1,3,4
2026-09-15T23:31:20.385523+00:00,6,151,0,0,1,3,4
2026-09-15T23:32:12.256497+00:00,6,152,0,0,3,2,5
2026-09-15T23:33:13.547213+00:00,6,152,0,0,3,2,5
2026-09-15T23:34:17.222687+00:00,6,152,0,0,3,2,5
2026-09-15T23:35:17.969850+00:00,10,154,0,1,5,2,8
2026-09-15T23:36:12.838178+00:00,10,154,0,1,5,2,8
2026-09-15T23:37:14.347094+00:00,10,154,0,1,5,2,8
2026-09-15T23:38:13.606678+00:00,5,154,0,0,3,1,4
2026-09-15T23:39:14.294126+00:00,5,154,0,0,3,1,4
2026-09-15T23:40:15.030584+00:00,5,154,0,0,3,1,4
2026-09-15T23:41:14.327226+00:00,0,154,0,0,0,0,0
2026-09-15T23:42:13.639049+00:00,0,154,0,0,0,0,0
2026-09-15T23:43:12.549067+00:00,0,154,0,0,0,0,0
2026-09-15T23:44:13.662185+00:00,2,154,0,0,1,0,1
2026-09-15T23:45:19.431827+00:00,2,154,0,0,1,0,1
2026-09-15T23:46:19.444261+00:00,2,154,0,0,1,0,1
2026-09-15T23:47:13.680955+00:00,2,154,0,0,1,1,2
2026-09-15T23:48:14.030905+00:00,2,154,0,0,1,1,2
2026-09-15T23:49:12.874407+00:00,2,154,0,0,1,1,2
2026-09-15T23:50:15.614236+00:00,3,154,0,0,1,1,2
2026-09-15T23:51:13.132722+00:00,3,154,0,0,1,1,2
2026-09-15T23:52:12.910983+00:00,3,154,0,0,1,1,2
2026-09-15T23:53:12.704843+00:00,1,154,0,0,1,0,1
2026-09-15T23:54:11.735476+00:00,1,154,0,0,1,0,1
2026-09-15T23:55:13.964177+00:00,1,154,0,0,1,0,1
2026-09-15T23:56:20.419811+00:00,5,156,0,0,3,1,4
2026-09-15T23:57:17.239818+00:00,5,156,0,0,3,1,4
2026-09-15T23:58:13.098746+00:00,5,156,0,0,3,1,4
2026-09-15T23:59:13.163668+00:00,4,156,0,1,0,0,1
2026-09-16T00:00:21.002215+00:00,4,156,0,1,0,0,1
2026-09-16T00:01:20.056676+00:00,4,156,0,1,0,0,1
2026-09-16T00:02:13.274448+00:00,1,156,0,0,1,0,1
2026-09-16T00:03:13.822665+00:00,1,156,0,0,1,0,1
2026-09-16T00:04:11.831505+00:00,1,156,0,0,1,0,1
2026-09-16T00:05:15.595258+00:00,1,156,0,0,1,0,1
2026-09-16T00:06:13.186102+00:00,1,156,0,0,1,0,1
2026-09-16T00:07:13.155809+00:00,1,156,0,0,1,0,1
2026-09-16T00:08:12.998740+00:00,3,156,0,1,1,0,2
2026-09-16T00:09:12.311734+00:00,3,156,0,1,1,0,2
2026-09-16T00:10:16.733073+00:00,3,156,0,1,1,0,2
2026-09-16T00:11:16.211488+00:00,8,159,0,0,4,3,7
2026-09-16T00:12:13.345083+00:00,8,159,0,0,4,3,7
2026-09-16T00:13:17.206919+00:00,8,159,0,0,4,3,7
2026-09-16T00:14:13.494009+00:00,3,159,0,1,2,0,3
2026-09-16T00:15:17.117575+00:00,3,159,0,1,2,0,3
2026-09-16T00:16:18.079094+00:00,3,159,0,1,2,0,3
2026-09-16T00:17:12.505751+00:00,3,159,0,0,2,1,3
2026-09-16T00:18:11.836678+00:00,3,159,0,0,2,1,3
2026-09-16T00:19:13.256785+00:00,3,159,0,0,2,1,3
2026-09-16T00:20:19.726595+00:00,0,159,0,0,0,0,0
2026-09-16T00:21:13.068395+00:00,0,159,0,0,0,0,0
2026-09-16T00:22:13.451170+00:00,0,159,0,0,0,0,0
2026-09-16T00:23:12.035982+00:00,0,159,0,0,0,0,0
2026-09-16T00:24:11.963778+00:00,0,159,0,0,0,0,0
2026-09-16T00:25:14.128827+00:00,0,159,0,0,0,0,0
2026-09-16T00:26:13.332207+00:00,0,159,0,0,0,0,0
2026-09-16T00:27:12.826751+00:00,0,159,0,0,0,0,0
2026-09-16T00:28:14.348766+00:00,0,159,0,0,0,0,0
2026-09-16T00:29:13.823120+00:00,2,159,0,1,1,0,2
2026-09-16T00:30:19.947501+00:00,2,159,0,1,1,0,2
2026-09-16T00:31:18.533233+00:00,2,159,0,1,1,0,2
2026-09-16T00:32:11.944792+00:00,4,160,0,0,1,0,1
2026-09-16T00:33:13.904162+00:00,4,160,0,0,1,0,1
2026-09-16T00:34:12.668765+00:00,4,160,0,0,1,0,1
2026-09-16T00:35:15.501822+00:00,2,160,0,0,1,0,1
2026-09-16T00:36:12.792532+00:00,2,160,0,0,1,0,1
2026-09-16T00:37:13.067254+00:00,2,160,0,0,1,0,1
2026-09-16T00:38:13.350095+00:00,4,161,0,0,2,0,2
2026-09-16T00:39:13.477044+00:00,4,161,0,0,2,0,2
2026-09-16T00:40:15.492528+00:00,4,161,0,0,2,0,2
2026-09-16T00:41:12.719613+00:00,1,161,0,0,0,0,0
2026-09-16T00:42:13.420204+00:00,1,161,0,0,0,0,0
2026-09-16T00:43:13.508588+00:00,1,161,0,0,0,0,0
2026-09-16T00:44:13.589366+00:00,3,162,0,0,1,0,1
2026-09-16T00:45:19.940637+00:00,3,162,0,0,1,0,1
2026-09-16T00:46:18.868841+00:00,3,162,0,0,1,0,1
2026-09-16T00:47:13.128387+00:00,0,162,0,0,0,0,0
2026-09-16T00:48:12.790174+00:00,0,162,0,0,0,0,0
2026-09-16T00:49:14.191034+00:00,0,162,0,0,0,0,0
2026-09-16T00:50:14.928347+00:00,0,162,0,0,0,0,0
2026-09-16T00:51:12.510752+00:00,0,162,0,0,0,0,0
2026-09-16T00:52:13.000794+00:00,0,162,0,0,0,0,0
2026-09-16T00:53:13.068446+00:00,0,162,0,0,0,0,0
2026-09-16T00:54:13.527172+00:00,0,162,0,0,0,0,0
2026-09-16T00:55:14.879465+00:00,0,162,0,0,0,0,0
2026-09-16T00:56:12.865444+00:00,3,164,0,1,0,1,2
2026-09-16T00:57:12.310048+00:00,3,164,0,1,0,1,2
2026-09-16T00:58:15.860486+00:00,3,164,0,1,0,1,2
2026-09-16T00:59:12.812867+00:00,3,165,0,1,0,0,1
2026-09-16T01:00:18.400169+00:00,3,165,0,1,0,0,1
2026-09-16T01:01:19.668500+00:00,3,165,0,1,0,0,1
2026-09-16T01:02:15.498507+00:00,2,165,0,0,1,1,2
2026-09-16T01:03:12.923866+00:00,2,165,0,0,1,1,2
2026-09-16T01:04:13.267930+00:00,2,165,0,0,1,1,2
2026-09-16T01:05:20.942763+00:00,1,165,0,0,1,0,1
2026-09-16T01:06:13.457515+00:00,1,165,0,0,1,0,1
2026-09-16T01:07:13.870368+00:00,1,165,0,0,1,0,1
2026-09-16T01:08:12.346924+00:00,2,165,0,0,0,0,0
2026-09-16T01:09:12.949481+00:00,2,165,0,0,0,0,0
2026-09-16T01:10:13.817871+00:00,2,165,0,0,0,0,0
2026-09-16T01:11:13.165863+00:00,0,165,0,0,0,0,0
2026-09-16T01:12:13.233255+00:00,0,165,0,0,0,0,0
2026-09-16T01:13:12.343421+00:00,0,165,0,0,0,0,0
2026-09-16T01:14:13.760465+00:00,0,165,0,0,0,0,0
2026-09-16T01:15:17.803388+00:00,0,165,0,0,0,0,0
2026-09-16T01:16:18.930456+00:00,0,165,0,0,0,0,0
2026-09-16T01:17:13.917461+00:00,0,165,0,0,0,0,0
2026-09-16T01:18:13.538167+00:00,0,165,0,0,0,0,0
2026-09-16T01:19:12.791079+00:00,0,165,0,0,0,0,0
2026-09-16T01:20:14.947876+00:00,0,165,0,0,0,0,0
2026-09-16T01:21:15.696652+00:00,0,165,0,0,0,0,0
2026-09-16T01:22:12.784624+00:00,0,165,0,0,0,0,0
2026-09-16T01:23:12.999824+00:00,0,165,0,0,0,0,0
2026-09-16T01:24:13.008603+00:00,0,165,0,0,0,0,0
2026-09-16T01:25:14.136381+00:00,0,165,0,0,0,0,0
2026-09-16T01:26:11.769131+00:00,2,167,0,0,1,0,1
2026-09-16T01:27:13.693310+00:00,2,167,0,0,1,0,1
2026-09-16T01:28:13.016967+00:00,2,167,0,0,1,0,1
2026-09-16T01:29:17.452490+00:00,1,167,0,0,0,1,1
2026-09-16T01:30:18.781021+00:00,1,167,0,0,0,1,1
2026-09-16T01:31:18.762473+00:00,1,167,0,0,0,1,1
2026-09-16T01:32:13.024468+00:00,0,167,0,0,0,0,0
2026-09-16T01:33:13.427034+00:00,0,167,0,0,0,0,0
2026-09-16T01:34:13.167536+00:00,0,167,0,0,0,0,0
2026-09-16T01:35:14.658845+00:00,2,169,0,0,0,2,2
2026-09-16T01:36:15.371010+00:00,2,169,0,0,0,2,2
2026-09-16T01:37:14.472973+00:00,2,169,0,0,0,2,2
2026-09-16T01:38:14.009801+00:00,2,169,0,0,0,1,1
2026-09-16T01:39:13.759556+00:00,2,169,0,0,0,1,1
2026-09-16T01:40:15.024101+00:00,2,169,0,0,0,1,1
2026-09-16T01:41:18.466036+00:00,1,169,0,0,0,1,1
2026-09-16T01:42:11.657089+00:00,1,169,0,0,0,1,1
2026-09-16T01:43:12.082121+00:00,1,169,0,0,0,1,1
2026-09-16T01:44:14.603713+00:00,1,169,0,0,0,0,0
2026-09-16T01:45:21.153613+00:00,1,169,0,0,0,0,0
2026-09-16T01:46:19.415370+00:00,1,169,0,0,0,0,0
2026-09-16T01:47:13.486347+00:00,3,171,0,0,0,1,1
2026-09-16T01:48:12.753199+00:00,3,171,0,0,0,1,1
2026-09-16T01:49:13.062908+00:00,3,171,0,0,0,1,1
2026-09-16T01:50:14.655084+00:00,0,171,0,0,0,0,0
2026-09-16T01:51:18.390158+00:00,0,171,0,0,0,0,0
2026-09-16T01:52:12.794113+00:00,0,171,0,0,0,0,0
2026-09-16T01:53:12.741594+00:00,2,171,0,0,0,0,0
2026-09-16T01:54:12.446584+00:00,2,171,0,0,0,0,0
2026-09-16T01:55:15.666515+00:00,2,171,0,0,0,0,0
2026-09-16T01:56:18.934494+00:00,0,171,0,0,0,0,0
2026-09-16T01:57:13.243435+00:00,0,171,0,0,0,0,0
2026-09-16T01:58:15.589130+00:00,0,171,0,0,0,0,0
2026-09-16T01:59:12.470758+00:00,1,171,0,0,0,0,0
2026-09-16T02:00:21.340758+00:00,1,171,0,0,0,0,0
2026-09-16T02:01:18.751679+00:00,1,171,0,0,0,0,0
2026-09-16T02:02:12.572851+00:00,0,171,0,0,0,0,0
2026-09-16T02:03:13.719476+00:00,0,171,0,0,0,0,0
2026-09-16T02:04:12.143018+00:00,0,171,0,0,0,0,0
2026-09-16T02:05:15.273210+00:00,0,171,0,0,0,0,0
2026-09-16T02:06:19.051723+00:00,0,171,0,0,0,0,0
2026-09-16T02:07:13.056585+00:00,0,171,0,0,0,0,0
2026-09-16T02:08:13.311361+00:00,0,171,0,0,0,0,0
2026-09-16T02:09:13.167468+00:00,0,171,0,0,0,0,0
2026-09-16T02:10:16.497949+00:00,0,171,0,0,0,0,0
2026-09-16T02:11:20.019635+00:00,0,171,0,0,0,0,0
2026-09-16T02:12:13.156440+00:00,0,171,0,0,0,0,0
2026-09-16T02:13:13.738434+00:00,0,171,0,0,0,0,0
2026-09-16T02:14:12.968618+00:00,0,171,0,0,0,0,0
2026-09-16T02:15:18.038453+00:00,0,171,0,0,0,0,0
2026-09-16T02:16:18.288552+00:00,0,171,0,0,0,0,0
2026-09-16T02:17:13.136869+00:00,0,171,0,0,0,0,0
2026-09-16T02:18:12.251211+00:00,0,171,0,0,0,0,0
2026-09-16T02:19:12.433123+00:00,0,171,0,0,0,0,0
2026-09-16T02:20:14.262915+00:00,0,171,0,0,0,0,0
2026-09-16T02:21:20.016304+00:00,0,171,0,0,0,0,0
2026-09-16T02:22:12.926969+00:00,0,171,0,0,0,0,0
2026-09-16T02:23:11.909816+00:00,0,171,0,0,0,0,0
2026-09-16T02:24:11.786658+00:00,0,171,0,0,0,0,0
2026-09-16T02:25:15.479397+00:00,0,171,0,0,0,0,0
2026-09-16T02:26:18.892541+00:00,0,171,0,0,0,0,0
2026-09-16T02:27:12.916145+00:00,0,171,0,0,0,0,0
2026-09-16T02:28:11.944147+00:00,0,171,0,0,0,0,0
2026-09-16T02:29:14.827027+00:00,0,171,0,0,0,0,0
2026-09-16T02:30:20.048464+00:00,0,171,0,0,0,0,0
2026-09-16T02:31:18.686424+00:00,0,171,0,0,0,0,0
2026-09-16T02:32:12.113539+00:00,0,171,0,0,0,0,0
2026-09-16T02:33:13.248482+00:00,0,171,0,0,0,0,0
2026-09-16T02:34:12.110721+00:00,0,171,0,0,0,0,0
2026-09-16T02:35:14.804991+00:00,0,171,0,0,0,0,0
2026-09-16T02:36:19.193273+00:00,0,171,0,0,0,0,0
2026-09-16T02:37:13.788279+00:00,0,171,0,0,0,0,0
2026-09-16T02:38:11.838698+00:00,0,171,0,0,0,0,0
2026-09-16T02:39:14.130090+00:00,0,171,0,0,0,0,0
2026-09-16T02:40:14.466429+00:00,0,171,0,0,0,0,0
2026-09-16T02:41:19.511653+00:00,1,172,0,0,0,0,0
2026-09-16T02:42:12.140675+00:00,1,172,0,0,0,0,0
2026-09-16T02:43:12.860635+00:00,1,172,0,0,0,0,0
2026-09-16T02:44:11.707655+00:00,0,172,0,0,0,0,0
2026-09-16T02:45:15.214772+00:00,0,172,0,0,0,0,0
2026-09-16T02:46:18.961906+00:00,0,172,0,0,0,0,0
2026-09-16T02:47:13.240532+00:00,0,172,0,0,0,0,0
2026-09-16T02:48:13.936137+00:00,0,172,0,0,0,0,0
2026-09-16T02:49:12.983388+00:00,0,172,0,0,0,0,0
2026-09-16T02:50:12.570084+00:00,0,172,0,0,0,0,0
2026-09-16T02:51:18.694083+00:00,0,172,0,0,0,0,0
2026-09-16T02:52:11.716569+00:00,0,172,0,0,0,0,0
2026-09-16T02:53:14.023663+00:00,0,172,0,0,0,0,0
2026-09-16T02:54:11.713909+00:00,0,172,0,0,0,0,0
2026-09-16T02:55:14.864505+00:00,0,172,0,0,0,0,0
2026-09-16T02:56:18.115144+00:00,0,172,0,0,0,0,0
2026-09-16T02:57:12.373409+00:00,0,172,0,0,0,0,0
2026-09-16T02:58:12.548161+00:00,0,172,0,0,0,0,0
2026-09-16T02:59:11.920870+00:00,0,172,0,0,0,0,0
2026-09-16T15:06:58.490140+00:00,1,1,0,0,0,1,1
2026-09-16T15:07:48.870996+00:00,1,1,0,0,0,1,1
2026-09-16T15:08:27.944022+00:00,4,4,0,0,2,1,3
2026-09-16T15:09:08.935686+00:00,4,4,0,0,2,1,3
2026-09-16T15:09:39.722734+00:00,4,4,0,0,2,1,3
2026-09-16T15:10:12.450971+00:00,4,4,0,0,2,1,3
2026-09-16T15:10:53.312955+00:00,4,4,0,0,2,1,3
2026-09-16T15:11:34.693089+00:00,4,6,0,0,1,0,1
2026-09-16T15:12:05.816961+00:00,4,6,0,0,1,0,1
2026-09-16T15:12:36.659605+00:00,4,6,0,0,1,0,1
2026-09-16T15:13:13.647611+00:00,4,6,0,0,1,0,1
2026-09-16T15:13:49.917896+00:00,4,6,0,0,1,0,1
2026-09-16T15:14:21.931488+00:00,2,6,0,0,2,0,2
2026-09-16T15:15:02.352908+00:00,2,6,0,0,2,0,2
2026-09-16T15:15:37.962649+00:00,2,6,0,0,2,0,2
2026-09-16T15:16:12.499631+00:00,2,6,0,0,2,0,2
2026-09-16T15:16:47.049607+00:00,2,6,0,0,2,0,2
2026-09-16T15:17:19.208505+00:00,10,10,0,0,6,4,10
2026-09-16T15:17:48.319859+00:00,10,10,0,0,6,4,10
2026-09-16T15:18:20.071830+00:00,10,10,0,0,6,4,10
2026-09-16T15:18:51.900326+00:00,10,10,0,0,6,4,10
2026-09-16T15:19:22.338218+00:00,10,10,0,0,6,4,10
2026-09-16T15:19:53.176096+00:00,10,10,0,0,6,4,10
2026-09-16T15:20:26.434970+00:00,0,10,0,0,0,0,0
2026-09-16T15:21:05.952055+00:00,0,10,0,0,0,0,0
2026-09-16T15:21:37.302404+00:00,0,10,0,0,0,0,0
2026-09-16T15:22:08.623001+00:00,0,10,0,0,0,0,0
2026-09-16T15:22:39.735360+00:00,0,10,0,0,0,0,0
2026-09-16T15:23:11.598698+00:00,5,10,0,0,3,1,4
2026-09-16T15:23:43.341226+00:00,5,10,0,0,3,1,4
2026-09-16T15:24:13.173116+00:00,5,10,0,0,3,1,4
2026-09-16T15:24:45.017962+00:00,5,10,0,0,3,1,4
2026-09-16T15:25:17.949410+00:00,5,10,0,0,3,1,4
2026-09-16T15:25:58.826535+00:00,5,10,0,0,3,1,4
2026-09-16T15:26:29.187238+00:00,9,10,0,2,3,4,9
2026-09-16T15:26:59.369973+00:00,9,10,0,2,3,4,9
2026-09-16T15:27:31.632508+00:00,9,10,0,2,3,4,9
2026-09-16T15:28:01.954313+00:00,9,10,0,2,3,4,9
2026-09-16T15:28:33.280150+00:00,9,10,0,2,3,4,9
2026-09-16T15:29:04.694445+00:00,9,10,0,1,5,3,9
2026-09-16T15:29:36.209016+00:00,9,10,0,1,5,3,9
2026-09-16T15:30:07.364552+00:00,9,10,0,1,5,3,9
2026-09-16T15:31:03.526046+00:00,9,10,0,1,5,3,9
2026-09-16T15:31:54.768845+00:00,9,10,0,1,5,3,9
2026-09-16T15:32:34.740186+00:00,9,10,0,1,5,3,9
2026-09-16T15:33:16.940467+00:00,9,10,0,1,5,3,9
2026-09-16T15:33:58.946562+00:00,9,10,0,1,5,3,9
2026-09-16T15:34:28.867613+00:00,9,10,0,1,5,3,9
2026-09-16T15:34:59.871147+00:00,9,10,0,1,5,3,9
2026-09-16T15:35:34.117946+00:00,20,21,0,7,5,6,18
2026-09-16T15:36:14.636292+00:00,20,21,0,7,5,6,18
2026-09-16T15:36:44.669831+00:00,20,21,0,7,5,6,18
2026-09-16T15:37:13.707994+00:00,20,21,0,7,5,6,18
2026-09-16T15:37:46.732433+00:00,20,21,0,7,5,6,18
2026-09-16T15:38:18.260541+00:00,18,23,0,7,5,6,18
2026-09-16T15:38:48.909216+00:00,18,23,0,7,5,6,18
2026-09-16T15:39:20.149929+00:00,18,23,0,7,5,6,18
2026-09-16T15:39:52.354578+00:00,18,23,0,7,5,6,18
2026-09-16T15:40:25.621959+00:00,18,23,0,7,5,6,18
2026-09-16T15:40:54.146938+00:00,18,23,0,7,5,6,18
2026-09-16T15:41:36.677061+00:00,20,23,0,7,7,6,20
2026-09-16T15:42:06.693789+00:00,20,23,0,7,7,6,20
2026-09-16T15:42:39.485943+00:00,20,23,0,7,7,6,20
2026-09-16T15:43:09.049608+00:00,20,23,0,7,7,6,20
2026-09-16T15:43:40.256838+00:00,20,23,0,7,7,6,20
2026-09-16T15:44:11.552169+00:00,20,23,0,9,7,4,20
2026-09-16T15:44:42.449811+00:00,20,23,0,9,7,4,20
2026-09-16T15:45:19.406720+00:00,20,23,0,9,7,4,20
2026-09-16T15:45:59.126733+00:00,20,23,0,9,7,4,20
2026-09-16T15:46:40.576312+00:00,20,23,0,9,7,4,20
2026-09-16T15:47:13.100860+00:00,20,26,0,9,7,4,20
2026-09-16T15:47:50.256528+00:00,20,26,0,9,7,4,20
2026-09-16T15:48:21.778283+00:00,20,26,0,9,7,4,20
2026-09-16T15:48:58.481482+00:00,20,26,0,9,7,4,20
2026-09-16T15:49:55.165399+00:00,20,26,0,9,7,4,20
2026-09-16T15:50:27.377337+00:00,19,27,0,6,5,7,18
2026-09-16T15:51:07.262600+00:00,19,27,0,6,5,7,18
2026-09-16T15:51:38.866686+00:00,19,27,0,6,5,7,18
2026-09-16T15:52:09.890294+00:00,19,27,0,6,5,7,18
2026-09-16T15:52:46.296539+00:00,19,27,0,6,5,7,18
2026-09-16T15:53:33.924047+00:00,19,28,0,5,6,6,17
2026-09-16T15:54:04.857699+00:00,19,28,0,5,6,6,17
2026-09-16T15:54:35.739771+00:00,19,28,0,5,6,6,17
2026-09-16T15:55:07.432394+00:00,19,28,0,5,6,6,17
2026-09-16T15:55:38.230166+00:00,19,28,0,5,6,6,17
2026-09-16T15:56:20.420846+00:00,12,28,0,2,4,5,11
2026-09-16T15:56:51.136394+00:00,12,28,0,2,4,5,11
2026-09-16T15:57:32.859506+00:00,12,28,0,2,4,5,11
2026-09-16T15:58:03.695318+00:00,12,28,0,2,4,5,11
2026-09-16T15:58:34.569240+00:00,12,28,0,2,4,5,11
2026-09-16T15:59:05.983480+00:00,14,28,0,2,5,4,11
2026-09-16T15:59:37.001587+00:00,14,28,0,2,5,4,11
2026-09-16T16:00:08.998449+00:00,14,28,0,2,5,4,11
2026-09-16T16:00:54.400543+00:00,14,28,0,2,5,4,11
2026-09-16T16:01:33.738116+00:00,14,28,0,2,5,4,11
2026-09-16T16:02:05.133148+00:00,17,30,0,6,7,4,17
2026-09-16T16:02:35.705881+00:00,17,30,0,6,7,4,17
2026-09-16T16:03:07.580646+00:00,17,30,0,6,7,4,17
2026-09-16T16:03:38.428510+00:00,17,30,0,6,7,4,17
2026-09-16T16:04:10.185798+00:00,17,30,0,6,7,4,17
2026-09-16T16:04:51.888850+00:00,17,30,0,6,7,4,17
2026-09-16T16:05:24.773955+00:00,18,31,0,6,6,6,18
2026-09-16T16:06:04.666677+00:00,18,31,0,6,6,6,18
2026-09-16T16:06:35.715248+00:00,18,31,0,6,6,6,18
2026-09-16T16:07:07.463282+00:00,18,31,0,6,6,6,18
2026-09-16T16:07:49.170785+00:00,18,31,0,6,6,6,18
2026-09-16T16:08:20.203427+00:00,16,31,0,6,4,6,16
2026-09-16T16:09:04.270366+00:00,16,31,0,6,4,6,16
2026-09-16T16:09:45.941072+00:00,16,31,0,6,4,6,16
2026-09-16T16:10:25.297730+00:00,16,31,0,6,4,6,16
2026-09-16T16:11:07.955722+00:00,15,31,0,5,5,5,15
2026-09-16T16:11:37.693258+00:00,15,31,0,5,5,5,15
2026-09-16T16:12:09.865682+00:00,15,31,0,5,5,5,15
2026-09-16T16:12:40.584825+00:00,15,31,0,5,5,5,15
2026-09-16T16:13:24.848871+00:00,15,31,0,5,5,5,15
2026-09-16T16:14:04.413280+00:00,19,33,0,7,5,6,18
2026-09-16T16:14:35.383930+00:00,19,33,0,7,5,6,18
2026-09-16T16:15:33.502573+00:00,19,33,0,7,5,6,18
2026-09-16T16:16:09.944338+00:00,19,33,0,7,5,6,18
2026-09-16T16:16:40.493851+00:00,19,33,0,7,5,6,18
2026-09-16T16:17:12.306858+00:00,19,34,0,8,4,7,19
2026-09-16T16:17:43.415173+00:00,19,34,0,8,4,7,19
2026-09-16T16:18:25.177936+00:00,19,34,0,8,4,7,19
2026-09-16T16:19:06.808437+00:00,19,34,0,8,4,7,19
2026-09-16T16:19:37.825741+00:00,19,34,0,8,4,7,19
2026-09-16T16:20:09.352005+00:00,24,36,2,7,6,7,22
2026-09-16T16:20:40.308965+00:00,24,36,2,7,6,7,22
2026-09-16T16:21:13.837633+00:00,24,36,2,7,6,7,22
2026-09-16T16:21:42.857789+00:00,24,36,2,7,6,7,22
2026-09-16T16:22:13.780184+00:00,24,36,2,7,6,7,22
2026-09-16T16:22:45.879227+00:00,24,36,2,7,6,7,22
2026-09-16T16:23:17.323582+00:00,23,38,0,8,4,9,21
2026-09-16T16:23:47.679519+00:00,23,38,0,8,4,9,21
2026-09-16T16:24:18.495753+00:00,23,38,0,8,4,9,21
2026-09-16T16:24:50.546443+00:00,23,38,0,8,4,9,21
2026-09-16T16:25:24.488156+00:00,23,38,0,8,4,9,21
2026-09-16T16:26:03.582375+00:00,23,38,0,8,4,9,21
2026-09-16T16:26:35.083607+00:00,17,38,0,6,5,5,16
2026-09-16T16:27:13.555683+00:00,17,38,0,6,5,5,16
2026-09-16T16:27:47.397675+00:00,17,38,0,6,5,5,16
2026-09-16T16:28:18.584377+00:00,17,38,0,6,5,5,16
2026-09-16T16:28:49.293663+00:00,17,38,0,6,5,5,16
2026-09-16T16:29:20.338891+00:00,17,38,0,7,6,4,17
2026-09-16T16:29:52.975515+00:00,17,38,0,7,6,4,17
2026-09-16T16:30:36.796620+00:00,17,38,0,7,6,4,17
2026-09-16T16:31:14.299738+00:00,17,38,0,7,6,4,17
2026-09-16T16:31:46.676458+00:00,17,38,0,7,6,4,17
2026-09-16T16:32:18.803129+00:00,20,38,0,8,5,6,19
2026-09-16T16:32:49.210598+00:00,20,38,0,8,5,6,19
2026-09-16T16:33:20.757391+00:00,20,38,0,8,5,6,19
2026-09-16T16:33:51.701778+00:00,20,38,0,8,5,6,19
2026-09-16T16:34:22.912114+00:00,20,38,0,8,5,6,19
2026-09-16T16:34:54.549516+00:00,20,38,0,8,5,6,19
2026-09-16T16:35:27.856971+00:00,16,38,0,8,5,3,16
2026-09-16T16:36:06.727262+00:00,16,38,0,8,5,3,16
2026-09-16T16:36:37.810523+00:00,16,38,0,8,5,3,16
2026-09-16T16:37:09.642681+00:00,16,38,0,8,5,3,16
2026-09-16T16:37:40.350570+00:00,16,38,0,8,5,3,16
2026-09-16T16:38:11.847325+00:00,21,41,0,7,3,10,20
2026-09-16T16:38:43.206091+00:00,21,41,0,7,3,10,20
2026-09-16T16:39:12.876528+00:00,21,41,0,7,3,10,20
2026-09-16T16:39:45.374851+00:00,21,41,0,7,3,10,20
2026-09-16T16:40:16.282029+00:00,21,41,0,7,3,10,20
2026-09-16T16:40:58.184882+00:00,21,41,0,7,3,10,20
2026-09-16T16:41:29.941338+00:00,20,41,0,7,5,7,19
2026-09-16T16:42:00.837544+00:00,20,41,0,7,5,7,19
2026-09-16T16:42:31.531182+00:00,20,41,0,7,5,7,19
2026-09-16T16:43:02.934358+00:00,20,41,0,7,5,7,19
2026-09-16T16:43:35.302849+00:00,20,41,0,7,5,7,19
2026-09-16T16:44:05.723409+00:00,19,41,0,7,6,6,19
2026-09-16T16:44:37.414156+00:00,19,41,0,7,6,6,19
2026-09-16T16:45:14.419861+00:00,19,41,0,7,6,6,19
2026-09-16T16:45:52.832689+00:00,19,41,0,7,6,6,19
2026-09-16T16:46:41.650837+00:00,19,41,0,7,6,6,19
2026-09-16T16:47:12.456292+00:00,21,42,0,6,6,6,18
2026-09-16T16:47:44.361395+00:00,21,42,0,6,6,6,18
2026-09-16T16:48:16.476838+00:00,21,42,0,6,6,6,18
2026-09-16T16:48:47.124936+00:00,21,42,0,6,6,6,18
2026-09-16T16:49:18.863103+00:00,21,42,0,6,6,6,18
2026-09-16T16:49:49.319537+00:00,21,42,0,6,6,6,18
2026-09-16T16:50:22.857883+00:00,21,45,0,8,5,7,20
2026-09-16T16:50:53.313747+00:00,21,45,0,8,5,7,20
2026-09-16T16:51:23.201299+00:00,21,45,0,8,5,7,20
2026-09-16T16:51:54.227144+00:00,21,45,0,8,5,7,20
2026-09-16T16:52:24.919228+00:00,21,45,0,8,5,7,20
2026-09-16T16:52:56.604285+00:00,21,45,0,8,5,7,20
2026-09-16T16:53:27.266679+00:00,19,47,0,8,6,5,19
2026-09-16T16:53:59.001257+00:00,19,47,0,8,6,5,19
2026-09-16T16:54:29.692469+00:00,19,47,0,8,6,5,19
2026-09-16T16:55:01.534283+00:00,19,47,0,8,6,5,19
2026-09-16T16:55:33.174194+00:00,19,47,0,8,6,5,19
2026-09-16T16:56:12.741263+00:00,17,47,2,1,5,8,16
2026-09-16T16:56:45.705243+00:00,17,47,2,1,5,8,16
2026-09-16T16:57:19.871236+00:00,17,47,2,1,5,8,16
2026-09-16T16:57:49.808309+00:00,17,47,2,1,5,8,16
2026-09-16T16:58:18.448428+00:00,17,47,2,1,5,8,16
2026-09-16T16:58:50.357871+00:00,17,47,2,1,5,8,16
2026-09-16T16:59:21.095604+00:00,11,47,0,1,5,4,10
2026-09-16T16:59:53.433667+00:00,11,47,0,1,5,4,10
2026-09-16T17:00:33.528982+00:00,11,47,0,1,5,4,10
2026-09-16T17:01:15.521333+00:00,11,47,0,1,5,4,10
2026-09-16T17:01:50.235581+00:00,11,47,0,1,5,4,10
2026-09-16T17:02:30.681432+00:00,16,48,3,1,7,4,15
2026-09-16T17:03:02.546612+00:00,16,48,3,1,7,4,15
2026-09-16T17:03:36.347364+00:00,16,48,3,1,7,4,15
2026-09-16T17:04:11.203904+00:00,16,48,3,1,7,4,15
2026-09-16T17:04:58.216387+00:00,16,48,3,1,7,4,15
2026-09-16T17:05:47.453961+00:00,12,48,0,0,6,6,12
2026-09-16T17:06:26.220885+00:00,12,48,0,0,6,6,12
2026-09-16T17:07:15.371705+00:00,12,48,0,0,6,6,12
2026-09-16T17:08:13.303916+00:00,21,51,0,8,5,8,21
2026-09-16T17:09:15.685917+00:00,21,51,0,8,5,8,21
2026-09-16T17:10:17.015891+00:00,21,51,0,8,5,8,21
2026-09-16T17:11:14.865910+00:00,15,52,0,5,4,5,14
2026-09-16T17:12:20.152787+00:00,15,52,0,5,4,5,14
2026-09-16T17:13:13.841332+00:00,15,52,0,5,4,5,14
2026-09-16T17:14:21.613626+00:00,18,52,0,6,3,6,15
2026-09-16T17:15:17.685019+00:00,18,52,0,6,3,6,15
2026-09-16T17:16:14.135707+00:00,18,52,0,6,3,6,15
2026-09-16T17:17:13.274842+00:00,21,54,0,7,8,6,21
2026-09-16T17:18:14.027982+00:00,21,54,0,7,8,6,21
2026-09-16T17:19:12.723511+00:00,21,54,0,7,8,6,21
2026-09-16T17:20:13.739179+00:00,18,55,0,7,7,3,17
2026-09-16T17:21:12.982826+00:00,18,55,0,7,7,3,17
2026-09-16T17:22:12.270744+00:00,18,55,0,7,7,3,17
2026-09-16T17:23:12.950549+00:00,18,56,0,7,5,6,18
2026-09-16T17:24:12.868066+00:00,18,56,0,7,5,6,18
2026-09-16T17:25:14.557944+00:00,18,56,0,7,5,6,18
2026-09-16T17:26:15.361177+00:00,16,56,0,6,4,6,16
2026-09-16T17:27:12.593479+00:00,16,56,0,6,4,6,16
2026-09-16T17:28:12.821755+00:00,16,56,0,6,4,6,16
2026-09-16T17:29:12.834853+00:00,20,57,0,8,6,6,20
2026-09-16T17:30:17.172783+00:00,20,57,0,8,6,6,20
2026-09-16T17:32:13.183823+00:00,19,58,0,5,6,8,19
2026-09-16T17:33:12.416758+00:00,19,58,0,5,6,8,19
2026-09-16T17:34:13.308674+00:00,19,58,0,5,6,8,19
2026-09-16T17:35:14.885598+00:00,19,58,0,5,8,6,19
2026-09-16T17:36:13.485820+00:00,19,58,0,5,8,6,19
2026-09-16T17:37:12.315049+00:00,19,58,0,5,8,6,19
2026-09-16T17:38:13.871360+00:00,17,58,0,5,7,5,17
2026-09-16T17:39:11.906057+00:00,17,58,0,5,7,5,17
2026-09-16T17:40:15.686676+00:00,17,58,0,5,7,5,17
2026-09-16T17:41:12.933482+00:00,23,61,0,8,8,7,23
2026-09-16T17:42:15.458337+00:00,23,61,0,8,8,7,23
2026-09-16T17:43:13.340209+00:00,23,61,0,8,8,7,23
2026-09-16T17:44:12.888535+00:00,19,62,0,7,6,6,19
2026-09-16T17:45:19.139731+00:00,19,62,0,7,6,6,19
2026-09-16T17:46:13.805736+00:00,19,62,0,7,6,6,19
2026-09-16T17:47:12.971395+00:00,13,62,0,7,2,4,13
2026-09-16T17:48:14.343865+00:00,13,62,0,7,2,4,13
2026-09-16T17:49:13.465640+00:00,13,62,0,7,2,4,13
2026-09-16T17:50:16.963831+00:00,14,62,0,5,2,7,14
2026-09-16T17:51:14.127631+00:00,14,62,0,5,2,7,14
2026-09-16T17:52:16.739760+00:00,14,62,0,5,2,7,14
2026-09-16T17:53:13.290524+00:00,24,63,0,9,6,6,21
2026-09-16T17:54:14.502179+00:00,24,63,0,9,6,6,21
2026-09-16T17:55:14.215764+00:00,24,63,0,9,6,6,21
2026-09-16T17:56:15.492316+00:00,21,64,0,7,7,7,21
2026-09-16T17:57:17.116374+00:00,21,64,0,7,7,7,21
2026-09-16T17:58:14.295888+00:00,21,64,0,7,7,7,21
2026-09-16T17:59:13.790784+00:00,21,64,0,6,7,7,20
2026-09-16T18:00:18.718080+00:00,21,64,0,6,7,7,20
2026-09-16T18:01:14.545275+00:00,21,64,0,6,7,7,20
2026-09-16T18:02:14.887012+00:00,24,65,0,10,6,8,24
2026-09-16T18:03:14.755785+00:00,24,65,0,10,6,8,24
2026-09-16T18:04:16.646335+00:00,24,65,0,10,6,8,24
2026-09-16T18:05:17.974847+00:00,13,65,0,8,2,3,13
2026-09-16T18:06:16.774290+00:00,13,65,0,8,2,3,13
2026-09-16T18:07:20.080921+00:00,13,65,0,8,2,3,13
2026-09-16T18:08:13.316549+00:00,19,65,0,8,6,5,19
2026-09-16T18:09:13.835511+00:00,19,65,0,8,6,5,19
2026-09-16T18:10:18.970482+00:00,19,65,0,8,6,5,19
2026-09-16T18:11:20.913563+00:00,17,65,0,8,4,5,17
2026-09-16T18:12:14.521280+00:00,17,65,0,8,4,5,17
2026-09-16T18:13:32.983168+00:00,17,65,0,8,4,5,17
2026-09-16T18:14:22.363256+00:00,22,67,0,8,6,7,21
2026-09-16T18:15:18.225113+00:00,22,67,0,8,6,7,21
2026-09-16T18:16:12.853047+00:00,22,67,0,8,6,7,21
2026-09-16T18:17:14.123646+00:00,20,67,1,8,5,5,19
2026-09-16T18:18:16.568667+00:00,20,67,1,8,5,5,19
2026-09-16T18:19:19.925318+00:00,20,67,1,8,5,5,19
2026-09-16T18:20:18.622968+00:00,19,67,0,5,7,6,18
2026-09-16T18:21:13.242424+00:00,19,67,0,5,7,6,18
2026-09-16T18:22:15.229069+00:00,19,67,0,5,7,6,18
2026-09-16T18:23:16.238874+00:00,15,67,0,6,3,6,15
2026-09-16T18:24:16.118340+00:00,15,67,0,6,3,6,15
2026-09-16T18:25:19.190485+00:00,15,67,0,6,3,6,15
2026-09-16T18:26:19.592718+00:00,13,67,0,7,2,3,12
2026-09-16T18:27:23.038732+00:00,13,67,0,7,2,3,12
2026-09-16T18:28:15.932537+00:00,13,67,0,7,2,3,12
2026-09-16T18:29:13.322728+00:00,15,67,0,6,3,5,14
2026-09-16T18:30:19.646289+00:00,15,67,0,6,3,5,14
2026-09-16T18:31:18.990719+00:00,15,67,0,6,3,5,14
2026-09-16T18:32:16.659856+00:00,18,67,0,6,5,6,17
2026-09-16T18:33:23.732507+00:00,18,67,0,6,5,6,17
2026-09-16T18:34:14.465622+00:00,18,67,0,6,5,6,17
2026-09-16T18:35:14.511507+00:00,22,69,0,8,7,7,22
2026-09-16T18:36:26.052950+00:00,22,69,0,8,7,7,22
2026-09-16T18:37:14.518380+00:00,22,69,0,8,7,7,22
2026-09-16T18:38:20.342799+00:00,17,70,0,10,3,4,17
2026-09-16T18:39:20.549310+00:00,17,70,0,10,3,4,17
2026-09-16T18:40:20.551284+00:00,17,70,0,10,3,4,17
2026-09-16T18:41:14.331847+00:00,15,70,0,5,5,5,15
2026-09-16T18:42:13.453604+00:00,15,70,0,5,5,5,15
2026-09-16T18:43:14.860299+00:00,15,70,0,5,5,5,15
2026-09-16T18:44:14.548235+00:00,13,70,0,7,2,4,13
2026-09-16T18:45:21.872092+00:00,13,70,0,7,2,4,13
2026-09-16T18:46:20.989456+00:00,13,70,0,7,2,4,13
2026-09-16T18:47:14.192946+00:00,25,73,0,10,8,6,24
2026-09-16T18:48:19.310503+00:00,25,73,0,10,8,6,24
2026-09-16T18:49:15.844503+00:00,25,73,0,10,8,6,24
2026-09-16T18:50:21.583965+00:00,21,74,0,10,4,7,21
2026-09-16T18:51:19.927935+00:00,21,74,0,10,4,7,21
2026-09-16T18:52:24.725163+00:00,21,74,0,10,4,7,21
2026-09-16T18:53:16.772959+00:00,22,75,0,8,7,7,22
2026-09-16T18:54:14.851480+00:00,22,75,0,8,7,7,22
2026-09-16T18:55:17.399843+00:00,22,75,0,8,7,7,22
2026-09-16T18:56:17.765919+00:00,22,76,0,8,7,7,22
2026-09-16T18:57:19.008010+00:00,22,76,0,8,7,7,22
2026-09-16T18:58:15.625054+00:00,22,76,0,8,7,7,22
2026-09-16T18:59:13.738264+00:00,22,76,0,8,6,8,22
2026-09-16T19:00:22.072549+00:00,22,76,0,8,6,8,22
2026-09-16T19:01:14.195382+00:00,22,76,0,8,6,8,22
2026-09-16T19:02:14.375100+00:00,22,76,0,7,8,6,21
2026-09-16T19:03:14.259017+00:00,22,76,0,7,8,6,21
2026-09-16T19:04:15.802529+00:00,22,76,0,7,8,6,21
2026-09-16T19:05:19.248904+00:00,13,76,0,0,7,6,13
2026-09-16T19:06:17.331764+00:00,13,76,0,0,7,6,13
2026-09-16T19:07:14.131398+00:00,13,76,0,0,7,6,13
2026-09-16T19:08:14.294863+00:00,14,78,0,0,6,8,14
2026-09-16T19:09:14.583229+00:00,14,78,0,0,6,8,14
2026-09-16T19:10:17.496389+00:00,14,78,0,0,6,8,14
2026-09-16T19:11:20.407405+00:00,9,78,0,0,3,5,8
2026-09-16T19:12:16.277924+00:00,9,78,0,0,3,5,8
2026-09-16T19:13:14.522294+00:00,9,78,0,0,3,5,8
2026-09-16T19:14:15.672611+00:00,13,78,0,0,6,7,13
2026-09-16T19:15:21.769024+00:00,13,78,0,0,6,7,13
2026-09-16T19:16:29.089278+00:00,13,78,0,0,6,7,13
2026-09-16T19:17:17.298746+00:00,20,80,0,7,6,6,19
2026-09-16T19:18:17.075143+00:00,20,80,0,7,6,6,19
2026-09-16T19:19:15.575487+00:00,20,80,0,7,6,6,19
2026-09-16T19:20:20.050271+00:00,22,81,0,6,6,10,22
2026-09-16T19:21:13.441520+00:00,22,81,0,6,6,10,22
2026-09-16T19:22:14.512600+00:00,22,81,0,6,6,10,22
2026-09-16T19:23:14.229536+00:00,23,81,0,8,8,7,23
2026-09-16T19:24:26.668999+00:00,23,81,0,8,8,7,23
2026-09-16T19:25:18.787632+00:00,23,81,0,8,8,7,23
2026-09-16T19:26:12.848164+00:00,16,82,0,6,5,5,16
2026-09-16T19:27:13.696568+00:00,16,82,0,6,5,5,16
2026-09-16T19:28:17.200754+00:00,16,82,0,6,5,5,16
2026-09-16T19:29:20.587858+00:00,14,83,0,3,6,4,13
2026-09-16T19:30:20.088238+00:00,14,83,0,3,6,4,13
2026-09-16T19:31:23.775385+00:00,14,83,0,3,6,4,13
2026-09-16T19:32:19.966861+00:00,12,83,0,2,3,5,10
2026-09-16T19:33:19.127726+00:00,12,83,0,2,3,5,10
2026-09-16T19:34:14.257968+00:00,12,83,0,2,3,5,10
2026-09-16T19:35:16.187492+00:00,10,83,0,3,2,3,8
2026-09-16T19:36:14.546059+00:00,10,83,0,3,2,3,8
2026-09-16T19:37:14.613615+00:00,10,83,0,3,2,3,8
2026-09-16T19:38:13.628285+00:00,7,83,0,0,3,2,5
2026-09-16T19:39:14.361663+00:00,7,83,0,0,3,2,5
2026-09-16T19:40:16.195511+00:00,7,83,0,0,3,2,5
2026-09-16T19:41:13.658361+00:00,4,83,0,0,4,0,4
2026-09-16T19:42:13.218597+00:00,4,83,0,0,4,0,4
2026-09-16T19:43:13.634274+00:00,4,83,0,0,4,0,4
2026-09-16T19:44:13.038696+00:00,7,83,0,0,2,3,5
2026-09-16T19:45:21.259894+00:00,7,83,0,0,2,3,5
2026-09-16T19:46:13.123254+00:00,7,83,0,0,2,3,5
2026-09-16T19:47:13.629763+00:00,1,83,0,0,0,1,1
2026-09-16T19:48:15.049842+00:00,1,83,0,0,0,1,1
2026-09-16T19:49:13.998521+00:00,1,83,0,0,0,1,1
2026-09-16T19:50:15.853018+00:00,4,83,0,0,4,0,4
2026-09-16T19:51:14.379132+00:00,4,83,0,0,4,0,4
2026-09-16T19:52:13.659795+00:00,4,83,0,0,4,0,4
2026-09-16T19:53:13.322934+00:00,1,83,0,0,1,0,1
2026-09-16T19:54:14.625174+00:00,1,83,0,0,1,0,1
2026-09-16T19:55:15.114496+00:00,1,83,0,0,1,0,1
2026-09-16T19:56:13.859130+00:00,3,83,0,0,0,0,0
2026-09-16T19:57:13.321302+00:00,3,83,0,0,0,0,0
2026-09-16T19:58:13.220172+00:00,3,83,0,0,0,0,0
2026-09-16T19:59:13.533373+00:00,7,84,0,0,4,2,6
2026-09-16T20:00:20.314242+00:00,7,84,0,0,4,2,6
2026-09-16T20:01:17.954017+00:00,7,84,0,0,4,2,6
2026-09-16T20:02:14.091082+00:00,4,85,0,2,1,1,4
2026-09-16T20:03:13.025232+00:00,4,85,0,2,1,1,4
2026-09-16T20:04:14.829747+00:00,4,85,0,2,1,1,4
2026-09-16T20:06:13.738259+00:00,0,85,0,0,0,0,0
2026-09-16T20:07:13.840132+00:00,0,85,0,0,0,0,0
2026-09-16T20:08:13.643109+00:00,2,86,0,0,0,2,2
2026-09-16T20:09:12.629336+00:00,2,86,0,0,0,2,2
2026-09-16T20:10:15.415536+00:00,2,86,0,0,0,2,2
2026-09-16T20:11:22.781839+00:00,5,88,0,2,1,2,5
2026-09-16T20:12:36.070094+00:00,5,88,0,2,1,2,5
2026-09-16T20:13:16.942800+00:00,5,88,0,2,1,2,5
2026-09-16T20:14:12.933435+00:00,2,88,0,0,2,0,2
2026-09-16T20:15:19.474465+00:00,2,88,0,0,2,0,2
2026-09-16T20:16:16.548560+00:00,2,88,0,0,2,0,2
2026-09-16T20:17:13.155789+00:00,2,88,0,0,0,1,1
2026-09-16T20:18:13.491563+00:00,2,88,0,0,0,1,1
2026-09-16T20:19:14.496981+00:00,2,88,0,0,0,1,1
2026-09-16T20:20:18.356751+00:00,2,88,0,0,0,1,1
2026-09-16T20:21:12.619705+00:00,2,88,0,0,0,1,1
2026-09-16T20:22:14.796398+00:00,2,88,0,0,0,1,1
2026-09-16T20:23:13.193018+00:00,2,88,0,1,1,0,2
2026-09-16T20:24:12.157172+00:00,2,88,0,1,1,0,2
2026-09-16T20:25:15.370246+00:00,2,88,0,1,1,0,2
2026-09-16T20:26:14.175210+00:00,7,90,0,0,3,3,6
2026-09-16T20:27:14.302386+00:00,7,90,0,0,3,3,6
2026-09-16T20:28:13.122914+00:00,7,90,0,0,3,3,6
2026-09-16T20:29:14.257203+00:00,4,91,0,1,2,0,3
2026-09-16T20:30:18.289092+00:00,4,91,0,1,2,0,3
2026-09-16T20:31:17.319830+00:00,4,91,0,1,2,0,3
2026-09-16T20:32:13.617037+00:00,7,92,0,0,3,1,4
2026-09-16T20:33:12.152863+00:00,7,92,0,0,3,1,4
2026-09-16T20:34:13.303048+00:00,7,92,0,0,3,1,4
2026-09-16T20:35:14.573218+00:00,6,92,0,1,3,2,6
2026-09-16T20:36:12.432485+00:00,6,92,0,1,3,2,6
2026-09-16T20:37:13.250336+00:00,6,92,0,1,3,2,6
2026-09-16T20:38:18.767719+00:00,0,92,0,0,0,0,0
2026-09-16T20:39:13.826501+00:00,0,92,0,0,0,0,0
2026-09-16T20:40:15.408895+00:00,0,92,0,0,0,0,0
2026-09-16T20:41:13.210986+00:00,0,92,0,0,0,0,0
2026-09-16T20:42:14.779915+00:00,0,92,0,0,0,0,0
2026-09-16T20:43:12.425202+00:00,0,92,0,0,0,0,0
2026-09-16T20:44:14.208803+00:00,8,96,0,0,4,3,7
2026-09-16T20:45:18.001868+00:00,8,96,0,0,4,3,7
2026-09-16T20:46:16.201712+00:00,8,96,0,0,4,3,7
2026-09-16T20:47:14.085220+00:00,9,97,0,2,4,2,8
2026-09-16T20:48:14.220214+00:00,9,97,0,2,4,2,8
2026-09-16T20:49:13.356765+00:00,9,97,0,2,4,2,8
2026-09-16T20:50:15.019247+00:00,8,97,0,2,3,2,7
2026-09-16T20:51:13.122096+00:00,8,97,0,2,3,2,7
2026-09-16T20:52:14.572179+00:00,8,97,0,2,3,2,7
2026-09-16T20:53:14.565703+00:00,7,97,0,2,2,2,6
2026-09-16T20:54:15.703976+00:00,7,97,0,2,2,2,6
2026-09-16T20:55:15.222286+00:00,7,97,0,2,2,2,6
2026-09-16T20:56:13.650392+00:00,6,98,0,1,2,1,4
2026-09-16T20:57:13.417107+00:00,6,98,0,1,2,1,4
2026-09-16T20:58:14.139670+00:00,6,98,0,1,2,1,4
2026-09-16T20:59:13.301660+00:00,8,100,0,6,1,0,7
2026-09-16T21:00:19.929273+00:00,8,100,0,6,1,0,7
2026-09-16T21:01:15.121309+00:00,8,100,0,6,1,0,7
2026-09-16T21:02:14.581648+00:00,8,100,0,1,4,1,6
2026-09-16T21:03:13.135133+00:00,8,100,0,1,4,1,6
2026-09-16T21:04:15.523142+00:00,8,100,0,1,4,1,6
2026-09-16T21:05:15.675112+00:00,2,100,0,0,2,0,2
2026-09-16T21:06:15.206943+00:00,2,100,0,0,2,0,2
2026-09-16T21:07:14.992211+00:00,2,100,0,0,2,0,2
2026-09-16T21:08:13.623179+00:00,12,102,0,3,4,5,12
2026-09-16T21:09:14.230208+00:00,12,102,0,3,4,5,12
2026-09-16T21:10:15.223940+00:00,12,102,0,3,4,5,12
2026-09-16T21:11:13.819878+00:00,8,103,0,3,4,0,7
2026-09-16T21:12:13.896731+00:00,8,103,0,3,4,0,7
2026-09-16T21:13:14.546967+00:00,8,103,0,3,4,0,7
2026-09-16T21:14:15.606416+00:00,12,106,0,2,4,2,8
2026-09-16T21:15:18.678938+00:00,12,106,0,2,4,2,8
2026-09-16T21:16:16.907912+00:00,12,106,0,2,4,2,8
2026-09-16T21:17:13.442472+00:00,16,111,0,0,8,8,16
2026-09-16T21:18:14.308386+00:00,16,111,0,0,8,8,16
2026-09-16T21:19:18.059477+00:00,16,111,0,0,8,8,16
2026-09-16T21:20:16.212532+00:00,9,113,0,2,2,5,9
2026-09-16T21:21:13.879926+00:00,9,113,0,2,2,5,9
2026-09-16T21:22:14.695999+00:00,9,113,0,2,2,5,9
2026-09-16T21:23:14.426415+00:00,14,113,0,5,5,2,12
2026-09-16T21:24:13.679792+00:00,14,113,0,5,5,2,12
2026-09-16T21:25:14.964694+00:00,14,113,0,5,5,2,12
2026-09-16T21:26:13.254081+00:00,5,113,0,2,1,0,3
2026-09-16T21:27:13.604646+00:00,5,113,0,2,1,0,3
2026-09-16T21:28:13.903910+00:00,5,113,0,2,1,0,3
2026-09-16T21:29:15.280915+00:00,5,113,1,1,3,0,5
2026-09-16T21:30:22.802195+00:00,5,113,1,1,3,0,5
2026-09-16T21:31:18.865732+00:00,5,113,1,1,3,0,5
2026-09-16T21:32:16.799720+00:00,8,113,0,1,3,2,6
2026-09-16T21:33:14.223330+00:00,8,113,0,1,3,2,6
2026-09-16T21:34:13.997399+00:00,8,113,0,1,3,2,6
2026-09-16T21:35:15.936510+00:00,2,113,0,1,1,0,2
2026-09-16T21:36:13.752591+00:00,2,113,0,1,1,0,2
2026-09-16T21:37:12.490277+00:00,2,113,0,1,1,0,2
2026-09-16T21:38:15.653885+00:00,4,113,0,1,2,0,3
2026-09-16T21:39:14.603266+00:00,4,113,0,1,2,0,3
2026-09-16T21:40:16.477202+00:00,4,113,0,1,2,0,3
2026-09-16T21:41:14.444340+00:00,10,116,1,2,2,0,5
2026-09-16T21:42:14.079999+00:00,10,116,1,2,2,0,5
2026-09-16T21:43:16.900048+00:00,10,116,1,2,2,0,5
2026-09-16T21:44:13.865739+00:00,9,116,1,1,3,1,6
2026-09-16T21:45:16.999459+00:00,9,116,1,1,3,1,6
2026-09-16T21:46:20.236849+00:00,9,116,1,1,3,1,6
2026-09-16T21:47:12.263980+00:00,5,116,0,3,2,0,5
2026-09-16T21:48:14.251349+00:00,5,116,0,3,2,0,5
2026-09-16T21:49:13.477140+00:00,5,116,0,3,2,0,5
2026-09-16T21:50:14.820623+00:00,1,116,0,0,1,0,1
2026-09-16T21:51:15.193235+00:00,1,116,0,0,1,0,1
2026-09-16T21:52:13.179283+00:00,1,116,0,0,1,0,1
2026-09-16T21:53:14.258129+00:00,4,116,0,0,2,2,4
2026-09-16T21:54:13.397477+00:00,4,116,0,0,2,2,4
2026-09-16T21:55:15.938582+00:00,4,116,0,0,2,2,4
2026-09-16T21:56:17.463767+00:00,3,116,0,0,1,0,1
2026-09-16T21:57:13.530680+00:00,3,116,0,0,1,0,1
2026-09-16T21:58:13.074119+00:00,3,116,0,0,1,0,1
2026-09-16T21:59:14.747959+00:00,2,116,0,0,2,0,2
2026-09-16T22:00:18.692437+00:00,2,116,0,0,2,0,2
2026-09-16T22:01:19.791807+00:00,2,116,0,0,2,0,2
2026-09-16T22:02:13.593414+00:00,2,116,0,0,1,0,1
2026-09-16T22:03:16.071980+00:00,2,116,0,0,1,0,1
2026-09-16T22:04:13.438432+00:00,2,116,0,0,1,0,1
2026-09-16T22:05:16.772431+00:00,2,116,0,0,1,0,1
2026-09-16T22:06:20.817682+00:00,2,116,0,0,1,0,1
2026-09-16T22:07:13.556577+00:00,2,116,0,0,1,0,1
2026-09-16T22:08:14.142472+00:00,4,117,0,0,1,0,1
2026-09-16T22:09:15.111347+00:00,4,117,0,0,1,0,1
2026-09-16T22:10:16.772124+00:00,4,117,0,0,1,0,1
2026-09-16T22:11:16.477773+00:00,10,123,0,0,2,5,7
2026-09-16T22:12:12.544896+00:00,10,123,0,0,2,5,7
2026-09-16T22:13:12.668096+00:00,10,123,0,0,2,5,7
2026-09-16T22:14:15.257505+00:00,1,123,0,0,1,0,1
2026-09-16T22:15:21.331636+00:00,1,123,0,0,1,0,1
2026-09-16T22:16:21.132817+00:00,1,123,0,0,1,0,1
2026-09-16T22:17:12.833259+00:00,1,123,0,0,0,0,0
2026-09-16T22:18:14.291060+00:00,1,123,0,0,0,0,0
2026-09-16T22:19:14.725402+00:00,1,123,0,0,0,0,0
2026-09-16T22:20:17.694486+00:00,0,123,0,0,0,0,0
2026-09-16T22:21:16.227410+00:00,0,123,0,0,0,0,0
2026-09-16T22:22:11.967614+00:00,0,123,0,0,0,0,0
2026-09-16T22:23:14.006822+00:00,3,123,0,0,1,1,2
2026-09-16T22:24:13.552338+00:00,3,123,0,0,1,1,2
2026-09-16T22:25:15.362349+00:00,3,123,0,0,1,1,2
2026-09-16T22:26:18.014729+00:00,1,123,0,0,0,0,0
2026-09-16T22:27:14.176941+00:00,1,123,0,0,0,0,0
2026-09-16T22:28:14.014455+00:00,1,123,0,0,0,0,0
2026-09-16T22:29:13.416037+00:00,2,124,0,0,1,0,1
2026-09-16T22:30:16.450114+00:00,2,124,0,0,1,0,1
2026-09-16T22:31:20.415042+00:00,2,124,0,0,1,0,1
2026-09-16T22:32:12.581959+00:00,1,124,0,0,1,0,1
2026-09-16T22:33:13.461523+00:00,1,124,0,0,1,0,1
2026-09-16T22:34:15.248733+00:00,1,124,0,0,1,0,1
2026-09-16T22:35:14.772955+00:00,3,125,0,1,0,0,1
2026-09-16T22:36:18.929917+00:00,3,125,0,1,0,0,1
2026-09-16T22:37:14.112888+00:00,3,125,0,1,0,0,1
2026-09-16T22:38:12.404999+00:00,1,126,0,0,0,0,0
2026-09-16T22:39:14.263100+00:00,1,126,0,0,0,0,0
2026-09-16T22:40:18.396907+00:00,1,126,0,0,0,0,0
2026-09-16T22:41:19.297559+00:00,1,126,0,0,0,0,0
2026-09-16T22:42:14.050705+00:00,1,126,0,0,0,0,0
2026-09-16T22:43:13.481690+00:00,1,126,0,0,0,0,0
2026-09-16T22:44:13.156496+00:00,1,126,0,0,0,0,0
2026-09-16T22:45:18.929236+00:00,1,126,0,0,0,0,0
2026-09-16T22:46:25.142160+00:00,1,126,0,0,0,0,0
2026-09-16T22:47:13.145739+00:00,1,126,0,0,0,1,1
2026-09-16T22:48:13.854500+00:00,1,126,0,0,0,1,1
2026-09-16T22:49:13.253900+00:00,1,126,0,0,0,1,1
2026-09-16T22:50:15.339444+00:00,0,126,0,0,0,0,0
2026-09-16T22:51:14.751250+00:00,0,126,0,0,0,0,0
2026-09-16T22:52:13.501897+00:00,0,126,0,0,0,0,0
2026-09-16T22:53:16.534514+00:00,0,126,0,0,0,0,0
2026-09-16T22:54:12.776543+00:00,0,126,0,0,0,0,0
2026-09-16T22:55:14.791532+00:00,0,126,0,0,0,0,0
2026-09-16T22:56:12.052124+00:00,2,127,0,0,1,1,2
2026-09-16T22:57:13.789814+00:00,2,127,0,0,1,1,2
2026-09-16T22:58:12.850141+00:00,2,127,0,0,1,1,2
2026-09-16T22:59:13.933672+00:00,4,129,0,0,1,1,2
2026-09-16T23:00:18.697345+00:00,4,129,0,0,1,1,2
2026-09-16T23:01:18.786100+00:00,4,129,0,0,1,1,2
2026-09-16T23:02:14.177566+00:00,2,129,0,0,0,0,0
2026-09-16T23:03:13.859501+00:00,2,129,0,0,0,0,0
2026-09-16T23:04:13.062251+00:00,2,129,0,0,0,0,0
2026-09-16T23:05:14.853041+00:00,4,129,0,0,1,1,2
2026-09-16T23:06:17.690576+00:00,4,129,0,0,1,1,2
2026-09-16T23:07:12.984994+00:00,4,129,0,0,1,1,2
2026-09-16T23:08:13.378903+00:00,0,129,0,0,0,0,0
2026-09-16T23:09:12.402425+00:00,0,129,0,0,0,0,0
2026-09-16T23:10:13.815026+00:00,0,129,0,0,0,0,0
2026-09-16T23:11:12.841275+00:00,0,129,0,0,0,0,0
2026-09-16T23:12:13.751812+00:00,0,129,0,0,0,0,0
2026-09-16T23:13:13.681743+00:00,0,129,0,0,0,0,0
2026-09-16T23:14:13.156604+00:00,5,130,0,0,1,2,3
2026-09-16T23:15:16.477605+00:00,5,130,0,0,1,2,3
2026-09-16T23:16:18.996231+00:00,5,130,0,0,1,2,3
2026-09-16T23:17:12.611119+00:00,5,130,0,0,1,2,3
2026-09-16T23:18:13.115515+00:00,5,130,0,0,1,2,3
2026-09-16T23:19:13.362125+00:00,5,130,0,0,1,2,3
2026-09-16T23:20:15.344053+00:00,5,131,0,0,3,1,4
2026-09-16T23:21:13.183273+00:00,5,131,0,0,3,1,4
2026-09-16T23:22:12.589974+00:00,5,131,0,0,3,1,4
2026-09-16T23:23:12.588967+00:00,2,131,0,1,1,0,2
2026-09-16T23:24:12.235768+00:00,2,131,0,1,1,0,2
2026-09-16T23:25:13.536183+00:00,2,131,0,1,1,0,2
2026-09-16T23:26:14.149073+00:00,3,132,0,0,1,0,1
2026-09-16T23:27:13.217356+00:00,3,132,0,0,1,0,1
2026-09-16T23:28:13.158338+00:00,3,132,0,0,1,0,1
2026-09-16T23:29:14.215101+00:00,2,132,0,0,0,1,1
2026-09-16T23:30:19.505277+00:00,2,132,0,0,0,1,1
2026-09-16T23:31:18.036998+00:00,2,132,0,0,0,1,1
2026-09-16T23:32:12.254560+00:00,0,132,0,0,0,0,0
2026-09-16T23:33:12.497702+00:00,0,132,0,0,0,0,0
2026-09-16T23:34:13.030694+00:00,0,132,0,0,0,0,0
2026-09-16T23:35:14.014537+00:00,2,132,0,0,2,0,2
2026-09-16T23:36:12.872583+00:00,2,132,0,0,2,0,2
2026-09-16T23:37:12.427568+00:00,2,132,0,0,2,0,2
2026-09-16T23:38:13.589127+00:00,2,132,0,0,2,0,2
2026-09-16T23:39:13.287905+00:00,2,132,0,0,2,0,2
2026-09-16T23:40:15.771882+00:00,2,132,0,0,2,0,2
2026-09-16T23:41:12.646903+00:00,2,132,0,0,2,0,2
2026-09-16T23:42:12.378555+00:00,2,132,0,0,2,0,2
2026-09-16T23:43:12.419751+00:00,2,132,0,0,2,0,2
2026-09-16T23:44:14.369150+00:00,1,133,0,0,0,0,0
2026-09-16T23:45:18.229520+00:00,1,133,0,0,0,0,0
2026-09-16T23:46:18.417015+00:00,1,133,0,0,0,0,0
2026-09-16T23:47:12.426100+00:00,1,133,0,0,0,0,0
2026-09-16T23:48:13.130480+00:00,1,133,0,0,0,0,0
2026-09-16T23:49:13.790550+00:00,1,133,0,0,0,0,0
2026-09-16T23:50:13.390000+00:00,3,133,0,0,2,1,3
2026-09-16T23:51:14.007254+00:00,3,133,0,0,2,1,3
2026-09-16T23:52:13.165330+00:00,3,133,0,0,2,1,3
2026-09-16T23:53:12.264397+00:00,5,135,0,1,0,2,3
2026-09-16T23:54:12.839670+00:00,5,135,0,1,0,2,3
2026-09-16T23:55:17.629251+00:00,5,135,0,1,0,2,3
2026-09-16T23:56:12.667697+00:00,0,135,0,0,0,0,0
2026-09-16T23:57:12.073196+00:00,0,135,0,0,0,0,0
2026-09-16T23:58:21.648802+00:00,0,135,0,0,0,0,0
2026-09-16T23:59:12.600462+00:00,1,135,0,0,0,0,0
2026-09-17T00:00:20.010467+00:00,1,135,0,0,0,0,0
2026-09-17T00:01:18.855225+00:00,1,135,0,0,0,0,0
2026-09-17T00:02:11.699405+00:00,1,135,0,1,0,0,1
2026-09-17T00:03:14.851427+00:00,1,135,0,1,0,0,1
2026-09-17T00:04:13.508167+00:00,1,135,0,1,0,0,1
2026-09-17T00:05:14.071279+00:00,3,137,0,0,0,0,0
2026-09-17T00:06:23.992509+00:00,3,137,0,0,0,0,0
2026-09-17T00:07:12.267313+00:00,3,137,0,0,0,0,0
2026-09-17T00:08:13.602705+00:00,0,137,0,0,0,0,0
2026-09-17T00:09:14.123459+00:00,0,137,0,0,0,0,0
2026-09-17T00:10:15.387893+00:00,0,137,0,0,0,0,0
2026-09-17T00:11:12.495457+00:00,0,137,0,0,0,0,0
2026-09-17T00:12:13.448788+00:00,0,137,0,0,0,0,0
2026-09-17T00:13:13.049080+00:00,0,137,0,0,0,0,0
2026-09-17T00:14:12.745438+00:00,0,137,0,0,0,0,0
2026-09-17T00:15:19.098455+00:00,0,137,0,0,0,0,0
2026-09-17T00:16:20.274099+00:00,0,137,0,0,0,0,0
2026-09-17T00:17:12.777317+00:00,3,138,0,2,1,0,3
2026-09-17T00:18:13.815066+00:00,3,138,0,2,1,0,3
2026-09-17T00:19:14.010599+00:00,3,138,0,2,1,0,3
2026-09-17T00:20:16.569862+00:00,1,138,0,0,1,0,1
2026-09-17T00:21:12.004768+00:00,1,138,0,0,1,0,1
2026-09-17T00:22:13.901625+00:00,1,138,0,0,1,0,1
2026-09-17T00:23:12.938120+00:00,0,138,0,0,0,0,0
2026-09-17T00:24:13.662644+00:00,0,138,0,0,0,0,0
2026-09-17T00:25:15.232858+00:00,0,138,0,0,0,0,0
2026-09-17T00:26:15.006701+00:00,0,138,0,0,0,0,0
2026-09-17T00:27:13.065924+00:00,0,138,0,0,0,0,0
2026-09-17T00:28:13.410073+00:00,0,138,0,0,0,0,0
2026-09-17T00:29:13.443985+00:00,0,138,0,0,0,0,0
2026-09-17T00:30:18.831882+00:00,0,138,0,0,0,0,0
2026-09-17T00:31:32.461994+00:00,0,138,0,0,0,0,0
2026-09-17T00:32:13.670658+00:00,1,138,0,0,1,0,1
2026-09-17T00:33:15.346852+00:00,1,138,0,0,1,0,1
2026-09-17T00:34:14.048978+00:00,1,138,0,0,1,0,1
2026-09-17T00:35:15.665900+00:00,1,139,0,0,0,0,0
2026-09-17T00:36:12.043549+00:00,1,139,0,0,0,0,0
2026-09-17T00:37:13.275663+00:00,1,139,0,0,0,0,0
2026-09-17T00:38:12.448460+00:00,2,140,0,0,1,1,2
2026-09-17T00:39:13.821427+00:00,2,140,0,0,1,1,2
2026-09-17T00:40:14.810938+00:00,2,140,0,0,1,1,2
2026-09-17T00:41:12.229424+00:00,0,140,0,0,0,0,0
2026-09-17T00:42:14.821976+00:00,0,140,0,0,0,0,0
2026-09-17T00:43:12.618841+00:00,0,140,0,0,0,0,0
2026-09-17T00:44:13.551126+00:00,3,141,0,0,0,0,0
2026-09-17T00:45:18.971751+00:00,3,141,0,0,0,0,0
2026-09-17T00:46:20.199441+00:00,3,141,0,0,0,0,0
2026-09-17T00:47:13.427841+00:00,1,141,0,0,1,0,1
2026-09-17T00:48:13.566147+00:00,1,141,0,0,1,0,1
2026-09-17T00:49:14.488245+00:00,1,141,0,0,1,0,1
2026-09-17T00:50:15.505903+00:00,2,142,0,0,0,1,1
2026-09-17T00:51:12.802604+00:00,2,142,0,0,0,1,1
2026-09-17T00:52:12.922526+00:00,2,142,0,0,0,1,1
2026-09-17T00:53:12.898076+00:00,0,142,0,0,0,0,0
2026-09-17T00:54:13.352562+00:00,0,142,0,0,0,0,0
2026-09-17T00:55:14.724218+00:00,0,142,0,0,0,0,0
2026-09-17T00:56:13.662135+00:00,0,142,0,0,0,0,0
2026-09-17T00:57:13.621259+00:00,0,142,0,0,0,0,0
2026-09-17T00:58:13.307890+00:00,0,142,0,0,0,0,0
2026-09-17T00:59:13.242796+00:00,1,142,0,0,0,0,0
2026-09-17T01:00:18.901895+00:00,1,142,0,0,0,0,0
2026-09-17T01:01:18.679866+00:00,1,142,0,0,0,0,0
2026-09-17T01:02:12.993138+00:00,1,143,0,0,0,0,0
2026-09-17T01:03:13.369027+00:00,1,143,0,0,0,0,0
2026-09-17T01:04:13.237118+00:00,1,143,0,0,0,0,0
2026-09-17T01:05:13.577928+00:00,2,144,0,0,0,0,0
2026-09-17T01:06:12.997747+00:00,2,144,0,0,0,0,0
2026-09-17T01:07:12.077171+00:00,2,144,0,0,0,0,0
2026-09-17T01:08:13.197731+00:00,0,144,0,0,0,0,0
2026-09-17T01:09:13.906603+00:00,0,144,0,0,0,0,0
2026-09-17T01:10:15.691399+00:00,0,144,0,0,0,0,0
2026-09-17T01:11:11.825650+00:00,1,145,0,0,0,1,1
2026-09-17T01:12:11.915245+00:00,1,145,0,0,0,1,1
2026-09-17T01:13:12.733957+00:00,1,145,0,0,0,1,1
2026-09-17T01:14:13.087948+00:00,2,146,0,1,1,0,2
2026-09-17T01:15:16.349790+00:00,2,146,0,1,1,0,2
2026-09-17T01:16:19.198685+00:00,2,146,0,1,1,0,2
2026-09-17T01:17:12.235789+00:00,0,146,0,0,0,0,0
2026-09-17T01:18:13.392957+00:00,0,146,0,0,0,0,0
2026-09-17T01:19:11.479974+00:00,0,146,0,0,0,0,0
2026-09-17T01:20:14.429139+00:00,4,148,1,0,1,0,2
2026-09-17T01:21:14.497662+00:00,4,148,1,0,1,0,2
2026-09-17T01:22:12.712365+00:00,4,148,1,0,1,0,2
2026-09-17T01:23:12.989535+00:00,1,148,0,0,0,1,1
2026-09-17T01:24:12.408911+00:00,1,148,0,0,0,1,1
2026-09-17T01:25:13.652072+00:00,1,148,0,0,0,1,1
2026-09-17T01:26:13.319467+00:00,0,148,0,0,0,0,0
2026-09-17T01:27:12.534490+00:00,0,148,0,0,0,0,0
2026-09-17T01:28:14.532649+00:00,0,148,0,0,0,0,0
2026-09-17T01:29:14.890562+00:00,0,148,0,0,0,0,0
2026-09-17T01:30:15.366957+00:00,0,148,0,0,0,0,0
2026-09-17T01:31:33.906167+00:00,0,148,0,0,0,0,0
2026-09-17T01:32:13.596731+00:00,0,148,0,0,0,0,0
2026-09-17T01:33:12.602960+00:00,0,148,0,0,0,0,0
2026-09-17T01:34:13.936662+00:00,0,148,0,0,0,0,0
2026-09-17T01:35:14.553656+00:00,1,149,0,0,0,0,0
2026-09-17T01:36:14.920517+00:00,1,149,0,0,0,0,0
2026-09-17T01:37:13.308102+00:00,1,149,0,0,0,0,0
2026-09-17T01:38:13.469083+00:00,0,149,0,0,0,0,0
2026-09-17T01:39:13.139528+00:00,0,149,0,0,0,0,0
2026-09-17T01:40:27.654865+00:00,0,149,0,0,0,0,0
2026-09-17T01:41:13.999504+00:00,0,149,0,0,0,0,0
2026-09-17T01:42:13.388319+00:00,0,149,0,0,0,0,0
2026-09-17T01:43:20.634564+00:00,0,149,0,0,0,0,0
2026-09-17T01:44:13.128955+00:00,0,149,0,0,0,0,0
2026-09-17T01:45:17.253728+00:00,0,149,0,0,0,0,0
2026-09-17T01:46:20.216135+00:00,0,149,0,0,0,0,0
2026-09-17T01:47:12.545655+00:00,0,149,0,0,0,0,0
2026-09-17T01:48:13.068451+00:00,0,149,0,0,0,0,0
2026-09-17T01:49:12.723600+00:00,0,149,0,0,0,0,0
2026-09-17T01:50:14.375936+00:00,0,149,0,0,0,0,0
2026-09-17T01:51:11.923443+00:00,0,149,0,0,0,0,0
2026-09-17T01:52:18.099160+00:00,0,149,0,0,0,0,0
2026-09-17T01:53:13.395168+00:00,0,149,0,0,0,0,0
2026-09-17T01:54:12.508029+00:00,0,149,0,0,0,0,0
2026-09-17T01:55:13.847589+00:00,0,149,0,0,0,0,0
2026-09-17T01:56:16.782405+00:00,2,151,0,0,0,0,0
2026-09-17T01:57:12.327047+00:00,2,151,0,0,0,0,0
2026-09-17T01:58:16.631253+00:00,2,151,0,0,0,0,0
2026-09-17T01:59:11.408396+00:00,0,151,0,0,0,0,0
2026-09-17T02:00:17.118253+00:00,0,151,0,0,0,0,0
2026-09-17T02:01:13.313203+00:00,0,151,0,0,0,0,0
2026-09-17T02:02:13.376727+00:00,0,151,0,0,0,0,0
2026-09-17T02:03:13.442349+00:00,0,151,0,0,0,0,0
2026-09-17T02:04:13.492074+00:00,0,151,0,0,0,0,0
2026-09-17T02:05:14.770593+00:00,0,151,0,0,0,0,0
2026-09-17T02:06:12.319711+00:00,0,151,0,0,0,0,0
2026-09-17T02:07:13.027620+00:00,0,151,0,0,0,0,0
2026-09-17T02:08:12.939328+00:00,0,151,0,0,0,0,0
2026-09-17T02:09:12.974147+00:00,0,151,0,0,0,0,0
2026-09-17T02:10:14.290003+00:00,0,151,0,0,0,0,0
2026-09-17T02:11:12.281710+00:00,0,151,0,0,0,0,0
2026-09-17T02:12:13.600533+00:00,0,151,0,0,0,0,0
2026-09-17T02:13:13.913335+00:00,0,151,0,0,0,0,0
2026-09-17T02:14:13.926264+00:00,0,151,0,0,0,0,0
2026-09-17T02:15:16.565946+00:00,0,151,0,0,0,0,0
2026-09-17T02:16:13.197148+00:00,0,151,0,0,0,0,0
2026-09-17T02:17:21.444710+00:00,0,151,0,0,0,0,0
2026-09-17T02:18:14.998800+00:00,0,151,0,0,0,0,0
2026-09-17T02:19:13.251195+00:00,0,151,0,0,0,0,0
2026-09-17T02:20:16.103001+00:00,0,151,0,0,0,0,0
2026-09-17T02:21:13.308945+00:00,0,151,0,0,0,0,0
2026-09-17T02:22:12.430223+00:00,0,151,0,0,0,0,0
2026-09-17T02:23:14.384433+00:00,0,151,0,0,0,0,0
2026-09-17T02:24:14.295632+00:00,0,151,0,0,0,0,0
2026-09-17T02:25:14.800925+00:00,0,151,0,0,0,0,0
2026-09-17T02:26:13.600066+00:00,0,151,0,0,0,0,0
2026-09-17T02:27:12.947626+00:00,0,151,0,0,0,0,0
2026-09-17T02:28:14.738155+00:00,0,151,0,0,0,0,0
2026-09-17T02:29:14.420794+00:00,0,151,0,0,0,0,0
2026-09-17T02:30:16.982560+00:00,0,151,0,0,0,0,0
2026-09-17T02:31:12.726835+00:00,0,151,0,0,0,0,0
2026-09-17T02:32:13.362283+00:00,0,151,0,0,0,0,0
2026-09-17T02:33:15.529797+00:00,0,151,0,0,0,0,0
2026-09-17T02:34:12.595515+00:00,0,151,0,0,0,0,0
2026-09-17T02:35:14.349167+00:00,0,151,0,0,0,0,0
2026-09-17T02:36:20.119237+00:00,0,151,0,0,0,0,0
2026-09-17T02:37:11.702715+00:00,0,151,0,0,0,0,0
2026-09-17T02:38:12.821741+00:00,0,151,0,0,0,0,0
2026-09-17T02:39:11.641030+00:00,0,151,0,0,0,0,0
2026-09-17T02:40:15.360844+00:00,0,151,0,0,0,0,0
2026-09-17T02:41:11.651075+00:00,0,151,0,0,0,0,0
2026-09-17T02:42:13.006513+00:00,0,151,0,0,0,0,0
2026-09-17T02:43:12.685779+00:00,0,151,0,0,0,0,0
2026-09-17T02:44:12.783204+00:00,0,151,0,0,0,0,0
2026-09-17T02:45:14.363780+00:00,0,151,0,0,0,0,0
2026-09-17T02:46:12.818582+00:00,0,151,0,0,0,0,0
2026-09-17T02:47:12.569267+00:00,0,151,0,0,0,0,0
2026-09-17T02:48:12.992021+00:00,0,151,0,0,0,0,0
2026-09-17T02:49:13.707720+00:00,0,151,0,0,0,0,0
2026-09-17T02:50:15.023666+00:00,0,151,0,0,0,0,0
2026-09-17T02:51:11.431277+00:00,0,151,0,0,0,0,0
2026-09-17T02:52:11.983971+00:00,0,151,0,0,0,0,0
2026-09-17T02:53:13.062237+00:00,0,151,0,0,0,0,0
2026-09-17T02:54:12.854511+00:00,0,151,0,0,0,0,0
2026-09-17T02:55:14.627207+00:00,0,151,0,0,0,0,0
2026-09-17T02:56:13.052187+00:00,0,151,0,0,0,0,0
2026-09-17T02:57:12.415756+00:00,0,151,0,0,0,0,0
2026-09-17T02:58:12.691061+00:00,0,151,0,0,0,0,0
2026-09-17T02:59:12.775659+00:00,0,151,0,0,0,0,0
2026-09-17T13:00:28.486934+00:00,0,0,0,0,0,0,0
2026-09-17T13:01:13.721278+00:00,0,0,0,0,0,0,0
2026-09-17T13:02:30.803415+00:00,0,0,0,0,0,0,0
2026-09-17T13:03:14.166488+00:00,0,0,0,0,0,0,0
2026-09-17T13:04:12.825247+00:00,0,0,0,0,0,0,0
2026-09-17T13:05:14.207309+00:00,1,1,0,0,1,0,1
2026-09-17T13:06:12.016128+00:00,1,1,0,0,1,0,1
2026-09-17T13:07:13.764976+00:00,1,1,0,0,1,0,1
2026-09-17T13:08:13.379844+00:00,0,1,0,0,0,0,0
2026-09-17T13:09:11.930011+00:00,0,1,0,0,0,0,0
2026-09-17T13:11:12.620807+00:00,0,1,0,0,0,0,0
2026-09-17T13:12:12.005152+00:00,0,1,0,0,0,0,0
2026-09-17T13:13:12.339908+00:00,0,1,0,0,0,0,0
2026-09-17T13:14:13.109402+00:00,0,1,0,0,0,0,0
2026-09-17T13:15:18.909546+00:00,0,1,0,0,0,0,0
2026-09-17T13:16:15.404479+00:00,0,1,0,0,0,0,0
2026-09-17T13:17:12.301080+00:00,0,1,0,0,0,0,0
2026-09-17T13:18:13.219730+00:00,0,1,0,0,0,0,0
2026-09-17T13:19:12.074480+00:00,0,1,0,0,0,0,0
2026-09-17T13:20:13.937613+00:00,0,1,0,0,0,0,0
2026-09-17T13:21:11.567902+00:00,0,1,0,0,0,0,0
2026-09-17T13:22:12.316675+00:00,0,1,0,0,0,0,0
2026-09-17T13:23:12.991889+00:00,0,1,0,0,0,0,0
2026-09-17T13:24:11.519042+00:00,0,1,0,0,0,0,0
2026-09-17T13:25:13.603815+00:00,0,1,0,0,0,0,0
2026-09-17T13:26:13.122747+00:00,0,1,0,0,0,0,0
2026-09-17T13:27:13.091092+00:00,0,1,0,0,0,0,0
2026-09-17T13:28:12.398286+00:00,0,1,0,0,0,0,0
2026-09-17T13:29:11.967696+00:00,1,2,0,0,1,0,1
2026-09-17T13:30:20.690789+00:00,1,2,0,0,1,0,1
2026-09-17T13:31:13.572733+00:00,1,2,0,0,1,0,1
2026-09-17T13:32:12.670422+00:00,0,2,0,0,0,0,0
2026-09-17T13:33:13.648046+00:00,0,2,0,0,0,0,0
2026-09-17T13:34:12.552757+00:00,0,2,0,0,0,0,0
2026-09-17T13:35:15.819067+00:00,0,2,0,0,0,0,0
2026-09-17T13:36:12.364448+00:00,0,2,0,0,0,0,0
2026-09-17T13:37:12.771175+00:00,0,2,0,0,0,0,0
2026-09-17T13:38:12.429701+00:00,0,2,0,0,0,0,0
2026-09-17T13:39:12.858809+00:00,0,2,0,0,0,0,0
2026-09-17T13:40:14.903725+00:00,0,2,0,0,0,0,0
2026-09-17T13:41:12.441208+00:00,0,2,0,0,0,0,0
2026-09-17T13:42:12.851880+00:00,0,2,0,0,0,0,0
2026-09-17T13:43:12.759547+00:00,0,2,0,0,0,0,0
2026-09-17T13:44:14.191537+00:00,0,2,0,0,0,0,0
2026-09-17T13:45:18.710665+00:00,0,2,0,0,0,0,0
2026-09-17T13:46:18.048648+00:00,0,2,0,0,0,0,0
2026-09-17T13:47:12.448262+00:00,0,2,0,0,0,0,0
2026-09-17T13:48:13.341166+00:00,0,2,0,0,0,0,0
2026-09-17T13:49:13.289556+00:00,0,2,0,0,0,0,0
2026-09-17T13:50:14.879763+00:00,1,3,0,0,1,0,1
2026-09-17T13:51:12.704442+00:00,1,3,0,0,1,0,1
2026-09-17T13:52:13.785761+00:00,1,3,0,0,1,0,1
2026-09-17T13:53:12.943622+00:00,1,3,0,0,0,0,0
2026-09-17T13:54:12.511980+00:00,1,3,0,0,0,0,0
2026-09-17T13:55:14.862740+00:00,1,3,0,0,0,0,0
2026-09-17T13:56:12.413890+00:00,1,3,0,0,1,0,1
2026-09-17T13:57:13.259437+00:00,1,3,0,0,1,0,1
2026-09-17T13:58:12.656747+00:00,1,3,0,0,1,0,1
2026-09-17T13:59:12.819687+00:00,0,3,0,0,0,0,0
2026-09-17T14:00:32.937641+00:00,0,3,0,0,0,0,0
2026-09-17T14:01:13.492578+00:00,0,3,0,0,0,0,0
2026-09-17T14:02:13.756885+00:00,0,3,0,0,0,0,0
2026-09-17T14:03:15.357100+00:00,0,3,0,0,0,0,0
2026-09-17T14:04:13.660996+00:00,0,3,0,0,0,0,0
2026-09-17T14:05:14.773105+00:00,0,3,0,0,0,0,0
2026-09-17T14:06:12.424971+00:00,0,3,0,0,0,0,0
2026-09-17T14:07:13.576773+00:00,0,3,0,0,0,0,0
2026-09-17T14:08:12.803155+00:00,0,3,0,0,0,0,0
2026-09-17T14:09:13.999581+00:00,0,3,0,0,0,0,0
2026-09-17T14:10:14.818355+00:00,0,3,0,0,0,0,0
2026-09-17T14:11:12.709671+00:00,1,3,0,0,0,1,1
2026-09-17T14:12:16.232959+00:00,1,3,0,0,0,1,1
2026-09-17T14:13:13.374885+00:00,1,3,0,0,0,1,1
2026-09-17T14:14:13.163119+00:00,0,3,0,0,0,0,0
2026-09-17T14:15:22.777498+00:00,0,3,0,0,0,0,0
2026-09-17T14:16:13.658766+00:00,0,3,0,0,0,0,0
2026-09-17T14:17:13.144593+00:00,2,4,0,0,0,0,0
2026-09-17T14:18:14.050520+00:00,2,4,0,0,0,0,0
2026-09-17T14:19:13.975940+00:00,2,4,0,0,0,0,0
2026-09-17T14:20:16.127216+00:00,0,4,0,0,0,0,0
2026-09-17T14:21:14.169156+00:00,0,4,0,0,0,0,0
2026-09-17T14:22:14.195819+00:00,0,4,0,0,0,0,0
2026-09-17T14:23:13.256435+00:00,0,4,0,0,0,0,0
2026-09-17T14:24:15.570984+00:00,0,4,0,0,0,0,0
2026-09-17T14:25:14.939504+00:00,0,4,0,0,0,0,0
2026-09-17T14:26:13.616731+00:00,3,5,0,0,1,1,2
2026-09-17T14:27:14.394656+00:00,3,5,0,0,1,1,2
2026-09-17T14:28:15.424075+00:00,3,5,0,0,1,1,2
2026-09-17T14:29:13.760490+00:00,3,6,0,0,0,2,2
2026-09-17T14:30:21.150417+00:00,3,6,0,0,0,2,2
2026-09-17T14:31:14.561142+00:00,3,6,0,0,0,2,2
2026-09-17T14:32:13.945906+00:00,0,6,0,0,0,0,0
2026-09-17T14:33:13.343239+00:00,0,6,0,0,0,0,0
2026-09-17T14:34:13.161944+00:00,0,6,0,0,0,0,0
2026-09-17T14:35:15.410703+00:00,0,6,0,0,0,0,0
2026-09-17T14:36:14.337535+00:00,0,6,0,0,0,0,0
2026-09-17T14:37:12.895491+00:00,0,6,0,0,0,0,0
2026-09-17T14:38:15.676147+00:00,4,7,0,0,2,2,4
2026-09-17T14:39:13.046206+00:00,4,7,0,0,2,2,4
2026-09-17T14:40:15.415222+00:00,4,7,0,0,2,2,4
2026-09-17T14:41:13.901634+00:00,2,7,0,1,1,0,2
2026-09-17T14:42:14.234340+00:00,2,7,0,1,1,0,2
2026-09-17T14:43:15.000722+00:00,2,7,0,1,1,0,2
2026-09-17T14:44:14.611394+00:00,1,7,0,0,0,0,0
2026-09-17T14:45:21.688568+00:00,1,7,0,0,0,0,0
2026-09-17T14:46:13.464471+00:00,1,7,0,0,0,0,0
2026-09-17T14:47:14.548854+00:00,3,8,0,0,2,0,2
2026-09-17T14:48:14.041786+00:00,3,8,0,0,2,0,2
2026-09-17T14:49:14.148256+00:00,3,8,0,0,2,0,2
2026-09-17T14:50:15.146259+00:00,2,8,0,0,1,0,1
2026-09-17T14:51:14.055094+00:00,2,8,0,0,1,0,1
2026-09-17T14:52:14.543057+00:00,2,8,0,0,1,0,1
2026-09-17T14:53:13.732178+00:00,3,9,0,0,1,1,2
2026-09-17T14:54:12.892079+00:00,3,9,0,0,1,1,2
2026-09-17T14:55:15.320485+00:00,3,9,0,0,1,1,2
2026-09-17T14:56:12.728968+00:00,2,9,0,0,2,0,2
2026-09-17T14:57:13.406449+00:00,2,9,0,0,2,0,2
2026-09-17T14:58:14.212237+00:00,2,9,0,0,2,0,2
2026-09-17T14:59:14.608837+00:00,2,9,0,0,0,1,1
2026-09-17T15:00:17.306428+00:00,2,9,0,0,0,1,1
2026-09-17T15:01:17.723144+00:00,2,9,0,0,0,1,1
2026-09-17T15:02:14.487070+00:00,10,16,0,2,6,2,10
2026-09-17T15:03:15.930581+00:00,10,16,0,2,6,2,10
2026-09-17T15:04:14.522104+00:00,10,16,0,2,6,2,10
2026-09-17T15:05:16.531559+00:00,7,16,0,0,2,3,5
2026-09-17T15:06:14.386732+00:00,7,16,0,0,2,3,5
2026-09-17T15:07:14.270018+00:00,7,16,0,0,2,3,5
2026-09-17T15:08:15.101207+00:00,8,17,0,2,5,1,8
2026-09-17T15:09:14.783686+00:00,8,17,0,2,5,1,8
2026-09-17T15:10:18.953352+00:00,8,17,0,2,5,1,8
2026-09-17T15:11:12.956075+00:00,6,17,0,0,5,1,6
2026-09-17T15:12:13.802828+00:00,6,17,0,0,5,1,6
2026-09-17T15:13:17.248382+00:00,6,17,0,0,5,1,6
2026-09-17T15:14:13.654028+00:00,14,21,0,0,7,7,14
2026-09-17T15:15:17.497750+00:00,14,21,0,0,7,7,14
2026-09-17T15:16:15.845648+00:00,14,21,0,0,7,7,14
2026-09-17T15:17:15.394740+00:00,14,23,0,0,6,7,13
2026-09-17T15:18:14.178707+00:00,14,23,0,0,6,7,13
2026-09-17T15:19:13.219288+00:00,14,23,0,0,6,7,13
2026-09-17T15:20:15.357970+00:00,10,23,0,0,7,3,10
2026-09-17T15:21:13.889875+00:00,10,23,0,0,7,3,10
2026-09-17T15:22:14.661574+00:00,10,23,0,0,7,3,10
2026-09-17T15:23:13.190680+00:00,7,23,0,0,2,4,6
2026-09-17T15:24:14.581983+00:00,7,23,0,0,2,4,6
2026-09-17T15:25:15.663577+00:00,7,23,0,0,2,4,6
2026-09-17T15:26:14.700392+00:00,16,27,0,0,7,9,16
2026-09-17T15:27:14.327981+00:00,16,27,0,0,7,9,16
2026-09-17T15:28:14.894286+00:00,16,27,0,0,7,9,16
2026-09-17T15:29:18.389680+00:00,15,27,0,0,6,9,15
2026-09-17T15:30:20.652266+00:00,15,27,0,0,6,9,15
2026-09-17T15:31:15.061616+00:00,15,27,0,0,6,9,15
2026-09-17T15:32:14.205753+00:00,6,28,0,0,1,4,5
2026-09-17T15:33:12.608250+00:00,6,28,0,0,1,4,5
2026-09-17T15:34:13.632677+00:00,6,28,0,0,1,4,5
2026-09-17T15:35:14.502213+00:00,16,30,0,0,8,8,16
2026-09-17T15:36:12.907572+00:00,16,30,0,0,8,8,16
2026-09-17T15:37:12.985138+00:00,16,30,0,0,8,8,16
2026-09-17T15:38:13.497272+00:00,16,30,0,4,6,6,16
2026-09-17T15:39:14.375431+00:00,16,30,0,4,6,6,16
2026-09-17T15:40:15.920950+00:00,16,30,0,4,6,6,16
2026-09-17T15:41:17.338637+00:00,12,30,0,2,5,4,11
2026-09-17T15:42:20.276618+00:00,12,30,0,2,5,4,11
2026-09-17T15:43:17.946544+00:00,12,30,0,2,5,4,11
2026-09-17T15:44:19.342468+00:00,13,31,0,5,3,4,12
2026-09-17T15:45:19.279204+00:00,13,31,0,5,3,4,12
2026-09-17T15:46:37.073676+00:00,13,31,0,5,3,4,12
2026-09-17T15:47:13.896974+00:00,11,32,0,2,5,4,11
2026-09-17T15:48:18.708177+00:00,11,32,0,2,5,4,11
2026-09-17T15:49:14.512570+00:00,11,32,0,2,5,4,11
2026-09-17T15:50:19.939734+00:00,12,32,0,3,5,4,12
2026-09-17T15:51:14.557729+00:00,12,32,0,3,5,4,12
2026-09-17T15:52:16.809594+00:00,12,32,0,3,5,4,12
2026-09-17T15:53:16.514697+00:00,8,32,0,1,1,3,5
2026-09-17T15:54:15.013155+00:00,8,32,0,1,1,3,5
2026-09-17T15:55:19.708831+00:00,8,32,0,1,1,3,5
2026-09-17T15:56:16.493199+00:00,10,32,0,2,5,2,9
2026-09-17T15:57:14.752459+00:00,10,32,0,2,5,2,9
2026-09-17T15:58:15.265129+00:00,10,32,0,2,5,2,9
2026-09-17T15:59:15.432371+00:00,7,32,0,0,4,3,7
2026-09-17T16:00:30.328920+00:00,7,32,0,0,4,3,7
2026-09-17T16:01:26.029051+00:00,7,32,0,0,4,3,7
2026-09-17T16:02:12.811336+00:00,19,36,0,6,6,7,19
2026-09-17T16:03:16.754646+00:00,19,36,0,6,6,7,19
2026-09-17T16:04:14.787601+00:00,19,36,0,6,6,7,19
2026-09-17T16:05:14.268836+00:00,18,40,0,5,7,6,18
2026-09-17T16:06:18.777881+00:00,18,40,0,5,7,6,18
2026-09-17T16:07:16.116661+00:00,18,40,0,5,7,6,18
2026-09-17T16:09:28.606754+00:00,10,40,0,0,5,5,10
2026-09-17T16:10:16.569084+00:00,10,40,0,0,5,5,10
2026-09-17T16:11:13.902203+00:00,17,40,0,3,8,6,17
2026-09-17T16:12:14.106419+00:00,17,40,0,3,8,6,17
2026-09-17T16:13:16.433240+00:00,17,40,0,3,8,6,17
2026-09-17T16:14:13.545077+00:00,12,40,0,1,7,4,12
2026-09-17T16:15:26.056575+00:00,12,40,0,1,7,4,12
2026-09-17T16:16:23.897000+00:00,12,40,0,1,7,4,12
2026-09-17T16:17:18.199469+00:00,13,40,0,6,5,2,13
2026-09-17T16:18:15.337132+00:00,13,40,0,6,5,2,13
2026-09-17T16:19:16.361573+00:00,13,40,0,6,5,2,13
2026-09-17T16:20:14.950315+00:00,12,40,0,4,4,4,12
2026-09-17T16:21:13.826912+00:00,12,40,0,4,4,4,12
2026-09-17T16:22:13.024048+00:00,12,40,0,4,4,4,12
2026-09-17T16:23:15.380307+00:00,19,42,0,7,6,6,19
2026-09-17T16:24:29.068595+00:00,19,42,0,7,6,6,19
2026-09-17T16:25:16.629678+00:00,19,42,0,7,6,6,19
2026-09-17T16:26:12.891258+00:00,20,43,0,5,6,7,18
2026-09-17T16:27:14.425339+00:00,20,43,0,5,6,7,18
2026-09-17T16:28:13.696057+00:00,20,43,0,5,6,7,18
2026-09-17T16:29:12.591368+00:00,21,48,0,8,7,6,21
2026-09-17T16:30:20.700697+00:00,21,48,0,8,7,6,21
2026-09-17T16:31:15.480121+00:00,21,48,0,8,7,6,21
2026-09-17T16:32:13.871751+00:00,19,52,0,6,6,6,18
2026-09-17T16:33:14.083139+00:00,19,52,0,6,6,6,18
2026-09-17T16:34:14.149211+00:00,19,52,0,6,6,6,18
2026-09-17T16:35:16.055428+00:00,20,52,0,6,6,7,19
2026-09-17T16:36:14.144006+00:00,20,52,0,6,6,7,19
2026-09-17T16:37:14.124641+00:00,20,52,0,6,6,7,19
2026-09-17T16:38:12.918532+00:00,24,52,0,10,6,7,23
2026-09-17T16:39:21.569074+00:00,24,52,0,10,6,7,23
2026-09-17T16:40:27.835279+00:00,24,52,0,10,6,7,23
2026-09-17T16:41:14.857132+00:00,20,52,0,8,6,6,20
2026-09-17T16:42:12.893401+00:00,20,52,0,8,6,6,20
2026-09-17T16:43:13.757650+00:00,20,52,0,8,6,6,20
2026-09-17T16:44:13.055215+00:00,18,56,0,4,8,5,17
2026-09-17T16:45:18.912025+00:00,18,56,0,4,8,5,17
2026-09-17T16:46:23.575978+00:00,18,56,0,4,8,5,17
2026-09-17T16:47:17.698081+00:00,18,56,0,7,6,4,17
2026-09-17T16:48:15.310195+00:00,18,56,0,7,6,4,17
2026-09-17T16:49:16.773005+00:00,18,56,0,7,6,4,17
2026-09-17T16:50:16.352379+00:00,19,56,0,7,5,6,18
2026-09-17T16:51:14.207920+00:00,19,56,0,7,5,6,18
2026-09-17T16:52:13.271321+00:00,19,56,0,7,5,6,18
2026-09-17T16:53:14.340418+00:00,19,56,0,6,6,6,18
2026-09-17T16:54:13.840145+00:00,19,56,0,6,6,6,18
2026-09-17T16:55:16.350590+00:00,19,56,0,6,6,6,18
2026-09-17T16:56:13.076663+00:00,22,59,0,6,7,7,20
2026-09-17T16:57:21.450693+00:00,22,59,0,6,7,7,20
2026-09-17T16:58:14.671734+00:00,22,59,0,6,7,7,20
2026-09-17T16:59:14.153382+00:00,20,59,0,7,6,7,20
2026-09-17T17:00:24.204590+00:00,20,59,0,7,6,7,20
2026-09-17T17:01:19.407195+00:00,20,59,0,7,6,7,20
2026-09-17T17:02:19.954349+00:00,21,62,2,7,5,6,20
2026-09-17T17:03:16.464356+00:00,21,62,2,7,5,6,20
2026-09-17T17:04:17.799356+00:00,21,62,2,7,5,6,20
2026-09-17T17:05:15.707433+00:00,20,63,1,4,8,5,18
2026-09-17T17:06:13.873886+00:00,20,63,1,4,8,5,18
2026-09-17T17:07:13.832963+00:00,20,63,1,4,8,5,18
2026-09-17T17:08:24.548360+00:00,19,63,2,5,5,5,17
2026-09-17T17:09:15.248399+00:00,19,63,2,5,5,5,17
2026-09-17T17:10:18.640432+00:00,19,63,2,5,5,5,17
2026-09-17T17:11:39.879142+00:00,22,64,1,8,5,7,21
2026-09-17T17:12:31.676898+00:00,22,64,1,8,5,7,21
2026-09-17T17:13:54.383087+00:00,22,64,1,8,5,7,21
2026-09-17T17:15:06.064706+00:00,18,64,0,5,6,7,18
2026-09-17T17:15:59.887265+00:00,18,64,0,5,6,7,18
2026-09-17T17:17:07.543956+00:00,18,64,0,5,6,7,18
2026-09-17T17:17:52.655418+00:00,18,65,0,9,6,2,17
2026-09-17T17:18:34.773251+00:00,18,65,0,9,6,2,17
2026-09-17T17:19:36.221550+00:00,18,65,0,9,6,2,17
2026-09-17T17:21:17.790213+00:00,19,65,0,7,5,7,19
2026-09-17T17:22:13.853694+00:00,19,65,0,7,5,7,19
2026-09-17T17:23:15.531681+00:00,16,65,0,7,4,5,16
2026-09-17T17:24:17.836986+00:00,16,65,0,7,4,5,16
2026-09-17T17:25:18.149014+00:00,16,65,0,7,4,5,16
2026-09-17T17:26:16.650575+00:00,18,65,0,7,5,5,17
2026-09-17T17:27:23.587553+00:00,18,65,0,7,5,5,17
2026-09-17T17:28:16.198798+00:00,18,65,0,7,5,5,17
2026-09-17T17:29:17.212430+00:00,17,65,0,8,4,4,16
2026-09-17T17:30:37.633187+00:00,17,65,0,8,4,4,16
2026-09-17T17:31:45.239811+00:00,17,65,0,8,4,4,16
2026-09-17T17:32:36.429710+00:00,16,65,0,5,5,5,15
2026-09-17T17:33:38.164168+00:00,16,65,0,5,5,5,15
2026-09-17T17:34:42.740230+00:00,16,65,0,5,5,5,15
2026-09-17T17:35:58.862016+00:00,20,67,0,7,5,7,19
2026-09-17T17:36:55.082354+00:00,20,67,0,7,5,7,19
2026-09-17T17:37:45.353270+00:00,20,67,0,7,5,7,19
2026-09-17T17:38:36.249653+00:00,19,67,0,7,7,5,19
2026-09-17T17:39:12.985060+00:00,19,67,0,7,7,5,19
2026-09-17T17:40:16.212276+00:00,19,67,0,7,7,5,19
2026-09-17T17:41:15.728233+00:00,18,68,0,3,6,6,15
2026-09-17T17:42:13.020242+00:00,18,68,0,3,6,6,15
2026-09-17T17:43:15.482946+00:00,18,68,0,3,6,6,15
2026-09-17T17:44:15.438811+00:00,21,69,0,5,7,8,20
2026-09-17T17:45:24.364834+00:00,21,69,0,5,7,8,20
2026-09-17T17:46:30.489850+00:00,21,69,0,5,7,8,20
2026-09-17T17:47:21.175217+00:00,18,69,0,6,5,7,18
2026-09-17T17:48:16.113358+00:00,18,69,0,6,5,7,18
2026-09-17T17:49:13.760997+00:00,18,69,0,6,5,7,18
2026-09-17T17:50:15.344369+00:00,19,69,0,6,7,6,19
2026-09-17T17:51:21.254984+00:00,19,69,0,6,7,6,19
2026-09-17T17:52:29.961769+00:00,19,69,0,6,7,6,19
2026-09-17T17:53:16.964188+00:00,20,69,0,7,6,6,19
2026-09-17T17:54:22.829032+00:00,20,69,0,7,6,6,19
2026-09-17T17:55:25.215683+00:00,20,69,0,7,6,6,19
2026-09-17T17:56:13.754146+00:00,17,71,0,6,7,4,17
2026-09-17T17:57:14.834378+00:00,17,71,0,6,7,4,17
2026-09-17T17:58:22.910634+00:00,17,71,0,6,7,4,17
2026-09-17T17:59:17.559398+00:00,18,71,0,6,6,6,18
2026-09-17T18:00:29.456427+00:00,18,71,0,6,6,6,18
2026-09-17T18:01:48.763248+00:00,18,71,0,6,6,6,18
2026-09-17T18:02:55.809130+00:00,16,71,0,5,4,7,16
2026-09-17T18:03:41.474622+00:00,16,71,0,5,4,7,16
2026-09-17T18:04:27.309863+00:00,16,71,0,5,4,7,16
2026-09-17T18:05:18.073250+00:00,17,72,0,6,6,5,17
2026-09-17T18:06:16.932532+00:00,17,72,0,6,6,5,17
2026-09-17T18:07:17.130114+00:00,17,72,0,6,6,5,17
2026-09-17T18:08:24.473268+00:00,17,74,0,5,6,6,17
2026-09-17T18:09:17.200784+00:00,17,74,0,5,6,6,17
2026-09-17T18:10:26.608276+00:00,17,74,0,5,6,6,17
2026-09-17T18:11:32.526696+00:00,14,74,0,5,4,5,14
2026-09-17T18:12:38.027061+00:00,14,74,0,5,4,5,14
2026-09-17T18:13:29.036289+00:00,14,74,0,5,4,5,14
2026-09-17T18:14:17.717713+00:00,18,74,0,3,7,7,17
2026-09-17T18:15:19.649803+00:00,18,74,0,3,7,7,17
2026-09-17T18:16:16.565636+00:00,18,74,0,3,7,7,17
2026-09-17T18:17:23.359322+00:00,25,82,0,7,10,8,25
2026-09-17T18:18:17.939051+00:00,25,82,0,7,10,8,25
2026-09-17T18:19:17.062940+00:00,25,82,0,7,10,8,25
2026-09-17T18:20:15.880572+00:00,25,85,0,8,8,8,24
2026-09-17T18:21:24.262195+00:00,25,85,0,8,8,8,24
2026-09-17T18:22:18.829785+00:00,25,85,0,8,8,8,24
2026-09-17T18:23:24.938857+00:00,18,85,0,6,6,6,18
2026-09-17T18:24:18.794370+00:00,18,85,0,6,6,6,18
2026-09-17T18:25:27.567358+00:00,18,85,0,6,6,6,18
2026-09-17T18:26:34.366054+00:00,17,85,0,6,6,5,17
2026-09-17T18:27:33.209417+00:00,17,85,0,6,6,5,17
2026-09-17T18:28:27.288702+00:00,17,85,0,6,6,5,17
2026-09-17T18:29:37.798887+00:00,20,87,0,6,7,7,20
2026-09-17T18:30:28.398965+00:00,20,87,0,6,7,7,20
2026-09-17T18:31:32.581875+00:00,20,87,0,6,7,7,20
2026-09-17T18:32:35.782855+00:00,16,87,0,3,7,6,16
2026-09-17T18:33:35.687449+00:00,16,87,0,3,7,6,16
2026-09-17T18:34:15.350153+00:00,16,87,0,3,7,6,16
2026-09-17T18:35:17.462462+00:00,21,87,0,6,7,7,20
2026-09-17T18:36:14.645231+00:00,21,87,0,6,7,7,20
2026-09-17T18:37:16.343241+00:00,21,87,0,6,7,7,20
2026-09-17T18:38:24.815086+00:00,20,87,0,6,7,7,20
2026-09-17T18:39:37.531753+00:00,20,87,0,6,7,7,20
2026-09-17T18:40:27.750254+00:00,20,87,0,6,7,7,20
2026-09-17T18:41:29.354615+00:00,17,87,0,6,6,5,17
2026-09-17T18:42:17.094799+00:00,17,87,0,6,6,5,17
2026-09-17T18:43:18.191493+00:00,17,87,0,6,6,5,17
2026-09-17T18:44:38.336130+00:00,13,88,0,5,3,5,13
2026-09-17T18:45:32.806788+00:00,13,88,0,5,3,5,13
2026-09-17T18:46:21.046957+00:00,13,88,0,5,3,5,13
2026-09-17T18:47:17.851311+00:00,21,89,0,7,7,7,21
2026-09-17T18:48:23.496668+00:00,21,89,0,7,7,7,21
2026-09-17T18:49:23.225241+00:00,21,89,0,7,7,7,21
2026-09-17T18:50:35.253168+00:00,15,89,0,6,3,6,15
2026-09-17T18:51:40.442464+00:00,15,89,0,6,3,6,15
2026-09-17T18:52:33.316702+00:00,15,89,0,6,3,6,15
2026-09-17T18:53:16.459046+00:00,19,91,0,6,6,6,18
2026-09-17T18:54:22.230687+00:00,19,91,0,6,6,6,18
2026-09-17T18:55:31.183373+00:00,19,91,0,6,6,6,18
2026-09-17T18:56:55.988831+00:00,17,92,0,5,5,5,15
2026-09-17T18:58:03.018445+00:00,17,92,0,5,5,5,15
2026-09-17T18:58:45.190067+00:00,17,92,0,5,5,5,15
2026-09-17T18:59:41.969057+00:00,11,92,0,1,6,3,10
2026-09-17T19:01:33.167801+00:00,11,92,0,1,6,3,10
2026-09-17T19:02:42.046917+00:00,6,92,0,0,3,3,6
2026-09-17T19:04:00.375381+00:00,6,92,0,0,3,3,6
2026-09-17T19:04:59.259730+00:00,6,92,0,0,3,3,6
2026-09-17T19:05:42.178100+00:00,0,92,0,0,0,0,0
2026-09-17T19:06:53.431115+00:00,0,92,0,0,0,0,0
2026-09-17T19:07:47.329602+00:00,0,92,0,0,0,0,0
2026-09-17T19:08:41.825863+00:00,1,92,0,0,1,0,1
2026-09-17T19:09:32.424927+00:00,1,92,0,0,1,0,1
2026-09-17T19:10:17.052623+00:00,1,92,0,0,1,0,1
2026-09-17T19:11:32.183704+00:00,0,92,0,0,0,0,0
2026-09-17T19:12:27.348245+00:00,0,92,0,0,0,0,0
2026-09-17T19:13:19.780367+00:00,0,92,0,0,0,0,0
2026-09-17T19:14:18.712921+00:00,1,92,0,0,1,0,1
2026-09-17T19:15:29.836155+00:00,1,92,0,0,1,0,1
2026-09-17T19:16:26.559035+00:00,1,92,0,0,1,0,1
2026-09-17T19:17:20.789844+00:00,4,92,0,1,0,1,2
2026-09-17T19:18:23.209409+00:00,4,92,0,1,0,1,2
2026-09-17T19:19:15.309772+00:00,4,92,0,1,0,1,2
2026-09-17T19:20:17.659844+00:00,2,92,0,0,0,1,1
2026-09-17T19:21:19.361299+00:00,2,92,0,0,0,1,1
2026-09-17T19:22:16.969047+00:00,2,92,0,0,0,1,1
2026-09-17T19:23:20.491552+00:00,4,93,0,0,1,2,3
2026-09-17T19:24:13.280540+00:00,4,93,0,0,1,2,3
2026-09-17T19:25:19.236949+00:00,4,93,0,0,1,2,3
2026-09-17T19:26:19.278565+00:00,3,93,0,1,2,0,3
2026-09-17T19:27:24.942075+00:00,3,93,0,1,2,0,3
2026-09-17T19:28:12.988727+00:00,3,93,0,1,2,0,3
2026-09-17T19:29:18.900644+00:00,6,94,0,0,4,2,6
2026-09-17T19:30:33.743182+00:00,6,94,0,0,4,2,6
2026-09-17T19:31:32.663447+00:00,6,94,0,0,4,2,6
2026-09-17T19:32:16.126641+00:00,5,94,0,0,1,3,4
2026-09-17T19:33:22.721711+00:00,5,94,0,0,1,3,4
2026-09-17T19:34:16.578983+00:00,5,94,0,0,1,3,4
2026-09-17T19:35:15.880315+00:00,1,94,0,0,0,1,1
2026-09-17T19:36:15.020646+00:00,1,94,0,0,0,1,1
2026-09-17T19:37:13.086522+00:00,1,94,0,0,0,1,1
2026-09-17T19:38:16.481157+00:00,3,95,0,0,3,0,3
2026-09-17T19:39:15.311556+00:00,3,95,0,0,3,0,3
2026-09-17T19:40:18.430024+00:00,3,95,0,0,3,0,3
2026-09-17T19:41:25.463725+00:00,7,97,0,1,3,3,7
2026-09-17T19:42:16.819960+00:00,7,97,0,1,3,3,7
2026-09-17T19:43:20.465683+00:00,7,97,0,1,3,3,7
2026-09-17T19:44:31.484144+00:00,3,97,0,1,2,0,3
2026-09-17T19:45:25.304400+00:00,3,97,0,1,2,0,3
2026-09-17T19:46:13.345136+00:00,3,97,0,1,2,0,3
2026-09-17T19:47:20.056386+00:00,0,97,0,0,0,0,0
2026-09-17T19:48:15.016494+00:00,0,97,0,0,0,0,0
2026-09-17T19:49:14.105822+00:00,0,97,0,0,0,0,0
2026-09-17T19:50:17.667150+00:00,1,97,0,0,1,0,1
2026-09-17T19:51:21.953407+00:00,1,97,0,0,1,0,1
2026-09-17T19:52:17.898338+00:00,1,97,0,0,1,0,1
2026-09-17T19:53:16.929527+00:00,5,97,0,0,4,1,5
2026-09-17T19:54:22.860543+00:00,5,97,0,0,4,1,5
2026-09-17T19:55:16.380066+00:00,5,97,0,0,4,1,5
2026-09-17T19:56:24.462484+00:00,9,100,0,0,4,4,8
2026-09-17T19:57:15.823798+00:00,9,100,0,0,4,4,8
2026-09-17T19:58:22.818813+00:00,9,100,0,0,4,4,8
2026-09-17T19:59:30.384306+00:00,9,100,0,2,3,4,9
2026-09-17T20:00:57.819830+00:00,9,100,0,2,3,4,9
2026-09-17T20:02:13.802714+00:00,2,100,0,0,1,1,2
2026-09-17T20:03:05.296391+00:00,2,100,0,0,1,1,2
2026-09-17T20:04:27.440333+00:00,2,100,0,0,1,1,2
2026-09-17T20:05:18.299582+00:00,0,100,0,0,0,0,0
2026-09-17T20:06:20.595174+00:00,0,100,0,0,0,0,0
2026-09-17T20:07:29.118731+00:00,0,100,0,0,0,0,0
2026-09-17T20:08:47.173506+00:00,1,100,0,0,0,0,0
2026-09-17T20:09:56.629366+00:00,1,100,0,0,0,0,0
2026-09-17T20:10:43.253546+00:00,1,100,0,0,0,0,0
2026-09-17T20:11:40.617332+00:00,3,101,0,1,0,0,1
2026-09-17T20:12:30.185843+00:00,3,101,0,1,0,0,1
2026-09-17T20:13:17.149085+00:00,3,101,0,1,0,0,1
2026-09-17T20:14:03.224967+00:00,3,101,0,1,0,0,1
2026-09-17T20:14:53.974492+00:00,3,102,0,0,2,1,3
2026-09-17T20:15:44.293238+00:00,3,102,0,0,2,1,3
2026-09-17T20:16:38.410217+00:00,3,102,0,0,2,1,3
2026-09-17T20:17:31.100828+00:00,3,103,0,1,1,1,3
2026-09-17T20:18:21.771261+00:00,3,103,0,1,1,1,3
2026-09-17T20:19:19.012065+00:00,3,103,0,1,1,1,3
2026-09-17T20:20:15.895067+00:00,2,103,0,0,1,0,1
2026-09-17T20:21:34.813981+00:00,2,103,0,0,1,0,1
2026-09-17T20:22:17.123910+00:00,2,103,0,0,1,0,1
2026-09-17T20:23:16.027450+00:00,0,103,0,0,0,0,0
2026-09-17T20:24:16.199370+00:00,0,103,0,0,0,0,0
2026-09-17T20:25:24.346634+00:00,0,103,0,0,0,0,0
2026-09-17T20:26:13.249847+00:00,1,103,0,0,1,0,1
2026-09-17T20:27:15.153983+00:00,1,103,0,0,1,0,1
2026-09-17T20:28:13.785319+00:00,1,103,0,0,1,0,1
2026-09-17T20:29:12.445434+00:00,1,103,0,0,0,0,0
2026-09-17T20:31:15.738043+00:00,1,103,0,0,0,0,0
2026-09-17T20:32:14.268907+00:00,8,108,0,0,5,2,7
2026-09-17T20:33:13.667288+00:00,8,108,0,0,5,2,7
2026-09-17T20:34:28.649796+00:00,8,108,0,0,5,2,7
2026-09-17T20:35:26.010082+00:00,11,111,0,1,6,2,9
2026-09-17T20:36:13.539233+00:00,11,111,0,1,6,2,9
2026-09-17T20:37:16.891643+00:00,11,111,0,1,6,2,9
2026-09-17T20:38:14.229167+00:00,9,112,0,2,3,1,6
2026-09-17T20:39:14.161312+00:00,9,112,0,2,3,1,6
2026-09-17T20:40:15.601024+00:00,9,112,0,2,3,1,6
2026-09-17T20:41:13.188086+00:00,8,113,0,1,4,0,5
2026-09-17T20:42:14.133029+00:00,8,113,0,1,4,0,5
2026-09-17T20:43:17.406871+00:00,8,113,0,1,4,0,5
2026-09-17T20:44:13.772811+00:00,6,113,0,1,5,0,6
2026-09-17T20:45:18.985400+00:00,6,113,0,1,5,0,6
2026-09-17T20:46:13.430247+00:00,6,113,0,1,5,0,6
2026-09-17T20:47:12.066065+00:00,1,113,0,1,0,0,1
2026-09-17T20:48:14.817380+00:00,1,113,0,1,0,0,1
2026-09-17T20:49:13.370248+00:00,1,113,0,1,0,0,1
2026-09-17T20:50:14.640168+00:00,0,113,0,0,0,0,0
2026-09-17T20:51:13.258405+00:00,0,113,0,0,0,0,0
2026-09-17T20:52:13.128112+00:00,0,113,0,0,0,0,0
2026-09-17T20:53:13.119428+00:00,3,114,0,1,1,0,2
2026-09-17T20:54:12.294742+00:00,3,114,0,1,1,0,2
2026-09-17T20:55:14.941802+00:00,3,114,0,1,1,0,2
2026-09-17T20:56:13.717051+00:00,4,114,0,2,0,1,3
2026-09-17T20:57:14.635118+00:00,4,114,0,2,0,1,3
2026-09-17T20:58:12.452362+00:00,4,114,0,2,0,1,3
2026-09-17T20:59:13.617442+00:00,4,114,0,2,0,1,3
2026-09-17T21:00:25.046199+00:00,4,114,0,2,0,1,3
2026-09-17T21:01:14.216621+00:00,0,114,0,0,0,0,0
2026-09-17T21:02:14.341573+00:00,4,114,0,2,0,1,3
2026-09-17T21:03:13.496962+00:00,13,123,0,0,7,6,13
2026-09-17T21:04:14.583581+00:00,13,123,0,0,7,6,13
2026-09-17T21:05:15.464424+00:00,19,128,0,4,7,7,18
2026-09-17T21:06:15.412138+00:00,19,128,0,4,7,7,18
2026-09-17T21:07:13.669936+00:00,19,128,0,4,7,7,18
2026-09-17T21:08:15.483069+00:00,9,128,0,2,5,2,9
2026-09-17T21:09:14.234708+00:00,9,128,0,2,5,2,9
2026-09-17T21:10:15.313216+00:00,9,128,0,2,5,2,9
2026-09-17T21:11:12.760540+00:00,5,128,0,0,2,1,3
2026-09-17T21:12:13.120011+00:00,5,128,0,0,2,1,3
2026-09-17T21:13:14.294293+00:00,5,128,0,0,2,1,3
2026-09-17T21:14:14.114222+00:00,5,128,0,0,2,1,3
2026-09-17T21:15:16.733579+00:00,5,128,0,0,2,1,3
2026-09-17T21:16:27.989831+00:00,5,128,0,0,2,1,3
2026-09-17T21:17:13.110686+00:00,5,128,0,1,1,0,2
2026-09-17T21:18:12.669068+00:00,5,128,0,1,1,0,2
2026-09-17T21:19:13.187269+00:00,5,128,0,1,1,0,2
2026-09-17T21:20:21.707133+00:00,6,128,0,0,6,0,6
2026-09-17T21:21:12.697922+00:00,6,128,0,0,6,0,6
2026-09-17T21:22:14.545195+00:00,6,128,0,0,6,0,6
2026-09-17T21:23:13.319176+00:00,3,128,0,0,3,0,3
2026-09-17T21:24:13.136223+00:00,3,128,0,0,3,0,3
2026-09-17T21:25:14.793950+00:00,3,128,0,0,3,0,3
2026-09-17T21:26:12.425895+00:00,6,128,0,0,5,0,5
2026-09-17T21:27:13.211806+00:00,6,128,0,0,5,0,5
2026-09-17T21:28:12.905537+00:00,6,128,0,0,5,0,5
2026-09-17T21:29:13.796273+00:00,3,130,0,1,1,0,2
2026-09-17T21:31:14.966346+00:00,3,130,0,1,1,0,2
2026-09-17T21:32:14.356231+00:00,8,132,0,1,5,2,8
2026-09-17T21:33:15.589247+00:00,8,132,0,1,5,2,8
2026-09-17T21:34:14.259714+00:00,8,132,0,1,5,2,8
2026-09-17T21:35:14.551932+00:00,4,133,0,1,1,2,4
2026-09-17T21:36:14.028815+00:00,4,133,0,1,1,2,4
2026-09-17T21:37:14.323430+00:00,4,133,0,1,1,2,4
2026-09-17T21:38:13.850910+00:00,3,133,0,0,3,0,3
2026-09-17T21:39:15.776685+00:00,3,133,0,0,3,0,3
2026-09-17T21:40:14.391296+00:00,3,133,0,0,3,0,3
2026-09-17T21:41:13.651793+00:00,5,133,0,1,1,1,3
2026-09-17T21:42:14.547336+00:00,5,133,0,1,1,1,3
2026-09-17T21:43:14.694311+00:00,5,133,0,1,1,1,3
2026-09-17T21:44:14.688610+00:00,5,134,0,0,2,1,3
2026-09-17T21:45:18.638452+00:00,5,134,0,0,2,1,3
2026-09-17T21:46:17.220384+00:00,5,134,0,0,2,1,3
2026-09-17T21:47:13.318630+00:00,5,134,0,0,2,1,3
2026-09-17T21:48:16.104543+00:00,11,135,0,4,3,2,9
2026-09-17T21:49:14.272616+00:00,11,135,0,4,3,2,9
2026-09-17T21:50:15.142320+00:00,11,139,0,5,4,2,11
2026-09-17T21:51:13.350323+00:00,11,139,0,5,4,2,11
2026-09-17T21:52:13.586307+00:00,11,139,0,5,4,2,11
2026-09-17T21:53:12.427571+00:00,11,139,0,5,4,2,11
2026-09-17T21:54:14.965373+00:00,3,139,0,1,1,0,2
2026-09-17T21:55:14.456782+00:00,3,139,0,1,1,0,2
2026-09-17T21:56:12.470910+00:00,1,139,0,0,1,0,1
2026-09-17T21:57:13.121763+00:00,1,139,0,0,1,0,1
2026-09-17T21:58:13.408100+00:00,1,139,0,0,1,0,1
2026-09-17T21:59:15.471758+00:00,6,139,0,2,3,0,5
2026-09-17T22:00:19.198582+00:00,6,139,0,2,3,0,5
2026-09-17T22:01:14.939995+00:00,6,139,0,2,3,0,5
2026-09-17T22:02:12.379176+00:00,1,139,0,0,0,0,0
2026-09-17T22:03:17.920601+00:00,1,139,0,0,0,0,0
2026-09-17T22:04:14.038462+00:00,1,139,0,0,0,0,0
2026-09-17T22:05:16.256233+00:00,1,139,0,0,0,0,0
2026-09-17T22:06:12.527941+00:00,1,139,0,0,0,0,0
2026-09-17T22:07:12.836398+00:00,1,139,0,0,0,0,0
2026-09-17T22:08:14.389475+00:00,7,141,0,1,1,3,5
2026-09-17T22:09:14.015862+00:00,7,141,0,1,1,3,5
2026-09-17T22:10:16.901078+00:00,7,141,0,1,1,3,5
2026-09-17T22:11:13.816516+00:00,1,141,0,0,1,0,1
2026-09-17T22:12:13.675903+00:00,1,141,0,0,1,0,1
2026-09-17T22:13:14.182262+00:00,1,141,0,0,1,0,1
2026-09-17T22:14:12.926724+00:00,3,141,0,0,1,0,1
2026-09-17T22:15:19.694530+00:00,3,141,0,0,1,0,1
2026-09-17T22:16:18.678652+00:00,3,141,0,0,1,0,1
2026-09-17T22:17:12.770435+00:00,3,141,0,0,1,0,1
2026-09-17T22:18:13.266388+00:00,10,146,0,0,4,6,10
2026-09-17T22:19:13.579260+00:00,10,146,0,0,4,6,10
2026-09-17T22:20:15.126850+00:00,10,148,0,0,4,5,9
2026-09-17T22:21:12.050466+00:00,10,148,0,0,4,5,9
2026-09-17T22:22:12.613951+00:00,10,148,0,0,4,5,9
2026-09-17T22:23:14.710332+00:00,11,149,0,0,5,5,10
2026-09-17T22:24:13.691493+00:00,11,149,0,0,5,5,10
2026-09-17T22:25:16.043636+00:00,11,149,0,0,5,5,10
2026-09-17T22:26:13.182721+00:00,12,151,0,0,5,6,11
2026-09-17T22:27:13.363869+00:00,12,151,0,0,5,6,11
2026-09-17T22:28:13.995612+00:00,12,151,0,0,5,6,11
2026-09-17T22:29:13.917668+00:00,9,151,0,0,5,2,7
2026-09-17T22:30:21.951090+00:00,9,151,0,0,5,2,7
2026-09-17T22:31:16.402137+00:00,9,151,0,0,5,2,7
2026-09-17T22:32:14.146217+00:00,9,151,0,0,5,2,7
2026-09-17T22:33:17.505152+00:00,9,151,0,0,6,3,9
2026-09-17T22:34:14.169583+00:00,9,151,0,0,6,3,9
2026-09-17T22:35:15.514629+00:00,8,152,0,0,5,2,7
2026-09-17T22:36:13.990274+00:00,8,152,0,0,5,2,7
2026-09-17T22:37:12.832377+00:00,8,152,0,0,5,2,7
2026-09-17T22:38:14.928074+00:00,1,152,0,0,1,0,1
2026-09-17T22:39:14.493026+00:00,1,152,0,0,1,0,1
2026-09-17T22:40:15.201440+00:00,1,152,0,0,1,0,1
2026-09-17T22:41:14.970241+00:00,2,153,0,0,2,0,2
2026-09-17T22:42:12.904552+00:00,2,153,0,0,2,0,2
2026-09-17T22:43:12.977710+00:00,2,153,0,0,2,0,2
2026-09-17T22:44:12.735036+00:00,2,153,0,0,2,0,2
2026-09-17T22:45:19.265176+00:00,3,153,0,0,3,0,3
2026-09-17T22:46:18.767563+00:00,3,153,0,0,3,0,3
2026-09-17T22:47:12.934602+00:00,3,153,0,0,3,0,3
2026-09-17T22:48:13.962483+00:00,9,153,0,0,2,7,9
2026-09-17T22:49:15.580053+00:00,9,153,0,0,2,7,9
2026-09-17T22:50:27.797268+00:00,5,153,0,0,2,3,5
2026-09-17T22:51:13.519172+00:00,5,153,0,0,2,3,5
2026-09-17T22:52:13.130234+00:00,5,153,0,0,2,3,5
2026-09-17T22:53:13.381149+00:00,14,159,0,0,8,5,13
2026-09-17T22:54:13.910230+00:00,14,159,0,0,8,5,13
2026-09-17T22:55:16.636721+00:00,14,159,0,0,8,5,13
2026-09-17T22:56:24.644138+00:00,10,159,0,0,6,4,10
2026-09-17T22:57:13.484228+00:00,10,159,0,0,6,4,10
2026-09-17T22:58:12.648458+00:00,10,159,0,0,6,4,10
2026-09-17T22:59:13.689844+00:00,3,159,0,0,2,1,3
2026-09-17T23:00:36.087455+00:00,3,159,0,0,2,1,3
2026-09-17T23:01:19.610423+00:00,3,159,0,0,2,1,3
2026-09-17T23:02:13.229413+00:00,9,159,0,0,4,2,6
2026-09-17T23:03:14.377578+00:00,9,159,0,0,4,2,6
2026-09-17T23:04:13.856134+00:00,9,159,0,0,4,2,6
2026-09-17T23:05:16.020183+00:00,10,160,0,0,4,5,9
2026-09-17T23:06:12.481895+00:00,10,160,0,0,4,5,9
2026-09-17T23:07:13.882915+00:00,10,160,0,0,4,5,9
2026-09-17T23:08:13.984210+00:00,5,160,0,0,3,0,3
2026-09-17T23:09:13.450704+00:00,5,160,0,0,3,0,3
2026-09-17T23:10:16.922642+00:00,5,160,0,0,3,0,3
2026-09-17T23:11:12.973743+00:00,5,161,0,0,4,1,5
2026-09-17T23:12:15.800445+00:00,5,161,0,0,4,1,5
2026-09-17T23:13:13.222002+00:00,5,161,0,0,4,1,5
2026-09-17T23:14:13.615785+00:00,3,161,0,0,3,0,3
2026-09-17T23:15:18.123280+00:00,3,161,0,0,3,0,3
2026-09-17T23:16:18.920988+00:00,3,161,0,0,3,0,3
2026-09-17T23:17:13.111490+00:00,8,161,0,0,6,2,8
2026-09-17T23:18:13.262981+00:00,8,161,0,0,6,2,8
2026-09-17T23:19:13.893586+00:00,8,161,0,0,6,2,8
2026-09-17T23:20:15.441104+00:00,6,161,0,0,1,5,6
2026-09-17T23:21:12.869825+00:00,6,161,0,0,1,5,6
2026-09-17T23:22:13.473817+00:00,6,161,0,0,1,5,6
2026-09-17T23:23:13.409272+00:00,5,161,0,0,3,2,5
2026-09-17T23:24:14.256274+00:00,5,161,0,0,3,2,5
2026-09-17T23:25:15.249361+00:00,5,161,0,0,3,2,5
2026-09-17T23:26:12.744920+00:00,1,161,0,0,1,0,1
2026-09-17T23:27:13.349743+00:00,1,161,0,0,1,0,1
2026-09-17T23:28:13.915978+00:00,1,161,0,0,1,0,1
2026-09-17T23:29:13.857665+00:00,2,162,0,0,1,0,1
2026-09-17T23:30:16.735743+00:00,2,162,0,0,1,0,1
2026-09-17T23:31:22.041274+00:00,2,162,0,0,1,0,1
2026-09-17T23:32:12.648999+00:00,8,164,0,0,3,1,4
2026-09-17T23:33:13.941500+00:00,8,164,0,0,3,1,4
2026-09-17T23:34:14.148353+00:00,8,164,0,0,3,1,4
2026-09-17T23:35:17.418291+00:00,11,166,0,0,5,5,10
2026-09-17T23:36:13.050274+00:00,11,166,0,0,5,5,10
2026-09-17T23:37:12.946022+00:00,11,166,0,0,5,5,10
2026-09-17T23:38:13.483549+00:00,15,169,0,0,5,6,11
2026-09-17T23:39:13.711333+00:00,15,169,0,0,5,6,11
2026-09-17T23:40:14.029407+00:00,15,169,0,0,5,6,11
2026-09-17T23:41:15.068073+00:00,10,169,0,0,6,3,9
2026-09-17T23:42:13.272939+00:00,10,169,0,0,6,3,9
2026-09-17T23:43:14.546957+00:00,10,169,0,0,6,3,9
2026-09-17T23:44:13.793741+00:00,9,169,0,0,3,2,5
2026-09-17T23:45:18.339972+00:00,9,169,0,0,3,2,5
2026-09-17T23:46:19.804626+00:00,9,169,0,0,3,2,5
2026-09-17T23:47:13.920135+00:00,11,169,0,0,5,3,8
2026-09-17T23:48:13.802828+00:00,11,169,0,0,5,3,8
2026-09-17T23:49:21.528344+00:00,11,169,0,0,5,3,8
2026-09-17T23:50:16.644264+00:00,11,169,0,0,5,3,8
2026-09-17T23:51:13.495338+00:00,11,169,0,0,5,3,8
2026-09-17T23:52:15.163814+00:00,11,169,0,0,5,3,8
2026-09-17T23:53:22.196989+00:00,15,174,0,0,8,6,14
2026-09-17T23:54:13.584568+00:00,15,174,0,0,8,6,14
2026-09-17T23:55:15.186031+00:00,15,174,0,0,8,6,14
2026-09-17T23:56:15.737561+00:00,16,175,0,0,6,10,16
2026-09-17T23:57:12.869247+00:00,16,175,0,0,6,10,16
2026-09-17T23:58:12.207931+00:00,16,175,0,0,6,10,16
2026-09-17T23:59:13.414520+00:00,11,175,0,0,5,6,11
2026-09-18T00:00:19.048901+00:00,11,175,0,0,5,6,11
2026-09-18T00:01:20.498039+00:00,11,175,0,0,5,6,11
2026-09-18T00:02:12.547181+00:00,5,175,0,0,3,2,5
2026-09-18T00:03:13.988800+00:00,5,175,0,0,3,2,5
2026-09-18T00:04:13.548013+00:00,5,175,0,0,3,2,5
2026-09-18T00:05:15.396552+00:00,5,175,0,0,1,3,4
2026-09-18T00:06:13.423544+00:00,5,175,0,0,1,3,4
2026-09-18T00:07:20.273560+00:00,5,175,0,0,1,3,4
2026-09-18T00:08:15.371845+00:00,1,175,0,0,0,0,0
2026-09-18T00:09:13.648171+00:00,1,175,0,0,0,0,0
2026-09-18T00:10:15.980823+00:00,1,175,0,0,0,0,0
2026-09-18T00:11:19.410730+00:00,1,175,0,0,0,0,0
2026-09-18T00:12:12.595551+00:00,1,175,0,0,0,0,0
2026-09-18T00:13:13.752576+00:00,1,175,0,0,0,0,0
2026-09-18T00:14:14.606951+00:00,5,176,0,0,1,2,3
2026-09-18T00:15:16.860513+00:00,5,176,0,0,1,2,3
2026-09-18T00:16:19.646117+00:00,5,176,0,0,1,2,3
2026-09-18T00:17:17.113191+00:00,3,176,0,0,2,1,3
2026-09-18T00:18:13.535642+00:00,3,176,0,0,2,1,3
2026-09-18T00:19:13.353779+00:00,3,176,0,0,2,1,3
2026-09-18T00:20:14.800069+00:00,1,176,0,0,1,0,1
2026-09-18T00:21:12.936422+00:00,1,176,0,0,1,0,1
2026-09-18T00:22:12.171966+00:00,1,176,0,0,1,0,1
2026-09-18T00:23:13.598322+00:00,2,176,0,0,0,0,0
2026-09-18T00:24:13.941861+00:00,2,176,0,0,0,0,0
2026-09-18T00:25:13.752054+00:00,2,176,0,0,0,0,0
2026-09-18T00:26:30.279714+00:00,1,176,0,0,0,1,1
2026-09-18T00:27:11.947125+00:00,1,176,0,0,0,1,1
2026-09-18T00:28:13.493237+00:00,1,176,0,0,0,1,1
2026-09-18T00:29:13.567193+00:00,2,176,0,0,1,0,1
2026-09-18T00:30:18.743229+00:00,2,176,0,0,1,0,1
2026-09-18T00:31:19.666051+00:00,2,176,0,0,1,0,1
2026-09-18T00:32:13.237656+00:00,2,176,0,0,1,1,2
2026-09-18T00:33:13.053091+00:00,2,176,0,0,1,1,2
2026-09-18T00:34:14.232791+00:00,2,176,0,0,1,1,2
2026-09-18T00:35:15.185195+00:00,2,177,0,0,1,0,1
2026-09-18T00:36:13.275523+00:00,2,177,0,0,1,0,1
2026-09-18T00:37:13.189944+00:00,2,177,0,0,1,0,1
2026-09-18T00:38:13.223798+00:00,0,177,0,0,0,0,0
2026-09-18T00:39:12.901438+00:00,0,177,0,0,0,0,0
2026-09-18T00:40:17.167940+00:00,0,177,0,0,0,0,0
2026-09-18T00:41:24.704406+00:00,3,178,0,0,1,0,1
2026-09-18T00:42:17.368073+00:00,3,178,0,0,1,0,1
2026-09-18T00:43:13.212121+00:00,3,178,0,0,1,0,1
2026-09-18T00:44:13.172899+00:00,1,178,0,0,0,0,0
2026-09-18T00:45:18.430068+00:00,1,178,0,0,0,0,0
2026-09-18T00:46:20.594851+00:00,1,178,0,0,0,0,0
2026-09-18T00:47:15.755056+00:00,3,178,0,0,1,0,1
2026-09-18T00:48:13.750026+00:00,3,178,0,0,1,0,1
2026-09-18T00:49:19.493234+00:00,3,178,0,0,1,0,1
2026-09-18T00:50:15.190523+00:00,2,178,0,0,1,0,1
2026-09-18T00:51:11.727666+00:00,2,178,0,0,1,0,1
2026-09-18T00:52:12.439021+00:00,2,178,0,0,1,0,1
2026-09-18T00:53:19.956914+00:00,1,178,0,0,0,0,0
2026-09-18T00:54:13.024595+00:00,1,178,0,0,0,0,0
2026-09-18T00:55:14.634428+00:00,1,178,0,0,0,0,0
2026-09-18T00:56:12.896816+00:00,1,178,0,0,0,0,0
2026-09-18T00:57:11.864048+00:00,1,178,0,0,0,0,0
2026-09-18T00:58:13.298954+00:00,1,178,0,0,0,0,0
2026-09-18T00:59:12.498856+00:00,0,178,0,0,0,0,0
2026-09-18T01:00:19.650356+00:00,0,178,0,0,0,0,0
2026-09-18T01:01:19.935752+00:00,0,178,0,0,0,0,0
2026-09-18T01:02:13.272600+00:00,1,178,0,0,1,0,1
2026-09-18T01:03:13.232315+00:00,1,178,0,0,1,0,1
2026-09-18T01:04:13.934556+00:00,1,178,0,0,1,0,1
2026-09-18T01:05:18.759477+00:00,1,178,0,0,0,0,0
2026-09-18T01:06:13.252201+00:00,1,178,0,0,0,0,0
2026-09-18T01:07:23.586154+00:00,1,178,0,0,0,0,0
2026-09-18T01:08:13.752219+00:00,0,178,0,0,0,0,0
2026-09-18T01:09:22.681728+00:00,0,178,0,0,0,0,0
2026-09-18T01:10:16.502041+00:00,0,178,0,0,0,0,0
2026-09-18T01:11:15.431858+00:00,0,178,0,0,0,0,0
2026-09-18T01:12:12.981724+00:00,0,178,0,0,0,0,0
2026-09-18T01:13:13.426866+00:00,0,178,0,0,0,0,0
2026-09-18T01:14:14.014873+00:00,0,178,0,0,0,0,0
2026-09-18T01:15:18.265697+00:00,0,178,0,0,0,0,0
2026-09-18T01:16:35.198194+00:00,0,178,0,0,0,0,0
2026-09-18T01:17:12.938966+00:00,1,179,0,0,0,1,1
2026-09-18T01:18:13.063765+00:00,1,179,0,0,0,1,1
2026-09-18T01:19:14.033386+00:00,1,179,0,0,0,1,1
2026-09-18T01:20:15.062222+00:00,1,179,0,0,1,0,1
2026-09-18T01:21:15.042431+00:00,1,179,0,0,1,0,1
2026-09-18T01:22:12.834873+00:00,1,179,0,0,1,0,1
2026-09-18T01:23:14.002480+00:00,0,179,0,0,0,0,0
2026-09-18T01:24:14.070326+00:00,0,179,0,0,0,0,0
2026-09-18T01:25:14.689647+00:00,0,179,0,0,0,0,0
2026-09-18T01:26:18.946593+00:00,0,179,0,0,0,0,0
2026-09-18T01:27:12.621784+00:00,0,179,0,0,0,0,0
2026-09-18T01:28:12.944563+00:00,0,179,0,0,0,0,0
2026-09-18T01:29:12.003705+00:00,1,179,0,0,0,0,0
2026-09-18T01:30:17.188013+00:00,1,179,0,0,0,0,0
2026-09-18T01:31:20.160080+00:00,1,179,0,0,0,0,0
2026-09-18T01:32:13.821307+00:00,3,181,0,0,0,0,0
2026-09-18T01:33:13.717122+00:00,3,181,0,0,0,0,0
2026-09-18T01:34:13.599310+00:00,3,181,0,0,0,0,0
2026-09-18T01:35:14.578146+00:00,0,181,0,0,0,0,0
2026-09-18T01:36:16.099397+00:00,0,181,0,0,0,0,0
2026-09-18T01:37:12.275319+00:00,0,181,0,0,0,0,0
2026-09-18T01:38:13.542365+00:00,0,181,0,0,0,0,0
2026-09-18T01:39:30.548118+00:00,0,181,0,0,0,0,0
2026-09-18T01:40:15.268476+00:00,0,181,0,0,0,0,0
2026-09-18T01:41:19.655356+00:00,1,181,0,0,0,0,0
2026-09-18T01:42:17.436740+00:00,1,181,0,0,0,0,0
2026-09-18T01:43:11.927912+00:00,1,181,0,0,0,0,0
2026-09-18T01:44:12.600098+00:00,0,181,0,0,0,0,0
2026-09-18T01:45:25.599456+00:00,0,181,0,0,0,0,0
2026-09-18T01:46:27.425056+00:00,0,181,0,0,0,0,0
2026-09-18T01:47:20.511289+00:00,0,181,0,0,0,0,0
2026-09-18T01:48:12.958928+00:00,0,181,0,0,0,0,0
2026-09-18T01:49:13.842900+00:00,0,181,0,0,0,0,0
2026-09-18T01:50:15.364724+00:00,5,185,0,0,3,0,3
2026-09-18T01:51:18.498705+00:00,5,185,0,0,3,0,3
2026-09-18T01:52:12.168080+00:00,5,185,0,0,3,0,3
2026-09-18T01:53:12.709983+00:00,1,185,0,0,1,0,1
2026-09-18T01:54:13.861081+00:00,1,185,0,0,1,0,1
2026-09-18T01:55:21.115973+00:00,1,185,0,0,1,0,1
2026-09-18T01:56:19.466844+00:00,1,185,0,0,0,0,0
2026-09-18T01:57:11.633206+00:00,1,185,0,0,0,0,0
2026-09-18T01:58:13.558279+00:00,1,185,0,0,0,0,0
2026-09-18T01:59:12.655947+00:00,0,185,0,0,0,0,0
2026-09-18T02:00:17.714506+00:00,0,185,0,0,0,0,0
2026-09-18T02:01:19.719553+00:00,0,185,0,0,0,0,0
2026-09-18T02:02:12.145845+00:00,0,185,0,0,0,0,0
2026-09-18T02:03:12.674768+00:00,0,185,0,0,0,0,0
2026-09-18T02:04:14.348612+00:00,0,185,0,0,0,0,0
2026-09-18T02:05:14.596442+00:00,0,185,0,0,0,0,0
2026-09-18T02:06:18.358104+00:00,0,185,0,0,0,0,0
2026-09-18T02:07:16.555317+00:00,0,185,0,0,0,0,0
2026-09-18T02:08:13.251135+00:00,1,185,0,0,1,0,1
2026-09-18T02:09:13.439877+00:00,1,185,0,0,1,0,1
2026-09-18T02:10:20.080493+00:00,1,185,0,0,1,0,1
2026-09-18T02:11:20.585688+00:00,0,185,0,0,0,0,0
2026-09-18T02:12:14.143825+00:00,0,185,0,0,0,0,0
2026-09-18T02:13:13.146422+00:00,0,185,0,0,0,0,0
2026-09-18T02:16:00.841902+00:00,0,185,0,0,0,0,0
2026-09-18T02:16:39.751133+00:00,0,185,0,0,0,0,0
2026-09-18T02:17:12.000748+00:00,0,185,0,0,0,0,0
2026-09-18T02:17:49.635385+00:00,0,185,0,0,0,0,0
2026-09-18T02:18:21.707060+00:00,0,185,0,0,0,0,0
2026-09-18T02:19:15.032628+00:00,0,185,0,0,0,0,0
2026-09-18T02:20:15.177171+00:00,0,185,0,0,0,0,0
2026-09-18T02:21:19.175317+00:00,0,185,0,0,0,0,0
2026-09-18T02:22:12.426157+00:00,0,185,0,0,0,0,0
2026-09-18T02:23:26.763426+00:00,0,185,0,0,0,0,0
2026-09-18T02:24:12.773084+00:00,0,185,0,0,0,0,0
2026-09-18T02:25:15.371182+00:00,0,185,0,0,0,0,0
2026-09-18T02:26:19.911149+00:00,0,185,0,0,0,0,0
2026-09-18T02:27:12.659267+00:00,0,185,0,0,0,0,0
2026-09-18T02:28:12.465923+00:00,0,185,0,0,0,0,0
2026-09-18T02:29:14.368384+00:00,0,185,0,0,0,0,0
2026-09-18T02:30:14.346667+00:00,0,185,0,0,0,0,0
2026-09-18T02:31:18.903115+00:00,0,185,0,0,0,0,0
2026-09-18T02:32:15.419033+00:00,0,185,0,0,0,0,0
2026-09-18T02:33:13.309321+00:00,0,185,0,0,0,0,0
2026-09-18T02:34:13.380134+00:00,0,185,0,0,0,0,0
2026-09-18T02:35:13.806088+00:00,1,186,0,1,0,0,1
2026-09-18T02:36:18.666940+00:00,1,186,0,1,0,0,1
2026-09-18T02:37:11.891874+00:00,1,186,0,1,0,0,1
2026-09-18T02:38:14.602916+00:00,1,186,0,1,0,0,1
2026-09-18T02:39:14.178415+00:00,1,186,0,1,0,0,1
2026-09-18T02:40:32.565403+00:00,1,186,0,1,0,0,1
2026-09-18T02:41:21.220207+00:00,0,186,0,0,0,0,0
2026-09-18T02:42:12.974778+00:00,0,186,0,0,0,0,0
2026-09-18T02:43:14.582418+00:00,0,186,0,0,0,0,0
2026-09-18T02:44:12.637314+00:00,0,186,0,0,0,0,0
2026-09-18T02:45:14.564042+00:00,0,186,0,0,0,0,0
2026-09-18T02:46:19.491544+00:00,0,186,0,0,0,0,0
2026-09-18T02:47:12.594925+00:00,0,186,0,0,0,0,0
2026-09-18T02:48:13.465600+00:00,0,186,0,0,0,0,0
2026-09-18T02:49:13.141104+00:00,0,186,0,0,0,0,0
2026-09-18T02:50:16.117356+00:00,0,186,0,0,0,0,0
2026-09-18T02:51:19.741275+00:00,0,186,0,0,0,0,0
2026-09-18T02:52:12.626368+00:00,0,186,0,0,0,0,0
2026-09-18T02:53:12.974129+00:00,0,186,0,0,0,0,0
2026-09-18T02:54:12.581971+00:00,0,186,0,0,0,0,0
2026-09-18T02:55:15.101375+00:00,0,186,0,0,0,0,0
2026-09-18T02:56:18.680488+00:00,0,186,0,0,0,0,0
2026-09-18T02:57:12.569965+00:00,0,186,0,0,0,0,0
2026-09-18T02:58:12.143869+00:00,0,186,0,0,0,0,0
2026-09-18T02:59:13.630337+00:00,0,186,0,0,0,0,0
2026-09-18T13:00:18.707008+00:00,0,0,0,0,0,0,0
2026-09-18T13:01:15.107234+00:00,0,0,0,0,0,0,0
2026-09-18T13:02:12.640078+00:00,1,1,0,0,1,0,1
2026-09-18T13:03:13.309963+00:00,1,1,0,0,1,0,1
2026-09-18T13:04:12.700526+00:00,1,1,0,0,1,0,1
2026-09-18T13:05:14.792631+00:00,2,2,0,0,0,1,1
2026-09-18T13:06:12.124337+00:00,2,2,0,0,0,1,1
2026-09-18T13:07:11.968838+00:00,2,2,0,0,0,1,1
2026-09-18T13:08:12.224419+00:00,1,3,0,1,0,0,1
2026-09-18T13:09:13.256520+00:00,1,3,0,1,0,0,1
2026-09-18T13:10:15.415048+00:00,1,3,0,1,0,0,1
2026-09-18T13:11:13.151228+00:00,2,4,0,0,2,0,2
2026-09-18T13:12:12.903481+00:00,2,4,0,0,2,0,2
2026-09-18T13:13:11.907190+00:00,2,4,0,0,2,0,2
2026-09-18T13:14:12.473871+00:00,0,4,0,0,0,0,0
2026-09-18T13:15:18.605874+00:00,0,4,0,0,0,0,0
2026-09-18T13:16:12.934206+00:00,0,4,0,0,0,0,0
2026-09-18T13:17:12.224538+00:00,0,4,0,0,0,0,0
2026-09-18T13:18:13.160229+00:00,0,4,0,0,0,0,0
2026-09-18T13:19:12.000186+00:00,0,4,0,0,0,0,0
2026-09-18T13:20:15.236627+00:00,0,4,0,0,0,0,0
2026-09-18T13:21:13.110143+00:00,0,4,0,0,0,0,0
2026-09-18T13:22:12.410218+00:00,0,4,0,0,0,0,0
2026-09-18T13:23:12.636795+00:00,1,5,0,0,0,0,0
2026-09-18T13:24:13.555333+00:00,1,5,0,0,0,0,0
2026-09-18T13:25:13.817283+00:00,1,5,0,0,0,0,0
2026-09-18T13:26:12.488292+00:00,0,5,0,0,0,0,0
2026-09-18T13:27:12.784634+00:00,0,5,0,0,0,0,0
2026-09-18T13:28:12.010003+00:00,0,5,0,0,0,0,0
2026-09-18T13:29:12.295509+00:00,0,5,0,0,0,0,0
2026-09-18T13:30:20.000066+00:00,0,5,0,0,0,0,0
2026-09-18T13:31:14.517376+00:00,0,5,0,0,0,0,0
2026-09-18T13:32:12.150788+00:00,1,6,0,0,1,0,1
2026-09-18T13:33:12.762850+00:00,1,6,0,0,1,0,1
2026-09-18T13:34:11.976369+00:00,1,6,0,0,1,0,1
2026-09-18T13:35:14.843676+00:00,0,6,0,0,0,0,0
2026-09-18T13:36:12.164404+00:00,0,6,0,0,0,0,0
2026-09-18T13:37:11.649956+00:00,0,6,0,0,0,0,0
2026-09-18T13:38:11.720316+00:00,0,6,0,0,0,0,0
2026-09-18T13:39:13.379266+00:00,0,6,0,0,0,0,0
2026-09-18T13:40:15.039888+00:00,0,6,0,0,0,0,0
2026-09-18T13:41:12.540157+00:00,0,6,0,0,0,0,0
2026-09-18T13:42:11.862786+00:00,0,6,0,0,0,0,0
2026-09-18T13:43:13.502498+00:00,0,6,0,0,0,0,0
2026-09-18T13:44:17.739524+00:00,0,6,0,0,0,0,0
2026-09-18T13:45:17.582552+00:00,0,6,0,0,0,0,0
2026-09-18T13:46:14.285948+00:00,0,6,0,0,0,0,0
2026-09-18T13:47:12.212988+00:00,0,6,0,0,0,0,0
2026-09-18T13:48:12.996312+00:00,0,6,0,0,0,0,0
2026-09-18T13:49:12.120044+00:00,0,6,0,0,0,0,0
2026-09-18T13:50:14.855496+00:00,1,7,0,0,0,0,0
2026-09-18T13:51:12.581113+00:00,1,7,0,0,0,0,0
2026-09-18T13:52:12.087305+00:00,1,7,0,0,0,0,0
2026-09-18T13:53:12.154058+00:00,0,7,0,0,0,0,0
2026-09-18T13:54:12.651925+00:00,0,7,0,0,0,0,0
2026-09-18T13:55:13.701931+00:00,0,7,0,0,0,0,0
2026-09-18T13:56:12.589498+00:00,2,9,0,0,1,1,2
2026-09-18T13:57:11.846325+00:00,2,9,0,0,1,1,2
2026-09-18T13:58:12.466184+00:00,2,9,0,0,1,1,2
2026-09-18T13:59:12.395129+00:00,1,9,0,0,1,0,1
2026-09-18T14:00:16.189893+00:00,1,9,0,0,1,0,1
2026-09-18T14:01:14.806161+00:00,1,9,0,0,1,0,1
2026-09-18T14:02:12.232268+00:00,0,9,0,0,0,0,0
2026-09-18T14:03:12.105606+00:00,0,9,0,0,0,0,0
2026-09-18T14:04:13.031754+00:00,0,9,0,0,0,0,0
2026-09-18T14:05:15.088407+00:00,1,9,0,0,1,0,1
2026-09-18T14:06:12.179813+00:00,1,9,0,0,1,0,1
2026-09-18T14:07:12.298770+00:00,1,9,0,0,1,0,1
2026-09-18T14:08:12.067152+00:00,3,11,0,0,1,0,1
2026-09-18T14:09:12.581478+00:00,3,11,0,0,1,0,1
2026-09-18T14:10:14.153690+00:00,3,11,0,0,1,0,1
2026-09-18T14:11:11.751112+00:00,0,11,0,0,0,0,0
2026-09-18T14:12:12.994441+00:00,0,11,0,0,0,0,0
2026-09-18T14:13:12.296297+00:00,0,11,0,0,0,0,0
2026-09-18T14:14:13.641756+00:00,0,11,0,0,0,0,0
2026-09-18T14:15:17.888654+00:00,0,11,0,0,0,0,0
2026-09-18T14:16:14.436778+00:00,0,11,0,0,0,0,0
2026-09-18T14:17:12.954326+00:00,0,11,0,0,0,0,0
2026-09-18T14:18:13.761326+00:00,0,11,0,0,0,0,0
2026-09-18T14:19:13.066333+00:00,0,11,0,0,0,0,0
2026-09-18T14:20:13.544896+00:00,1,11,0,0,1,0,1
2026-09-18T14:21:12.283547+00:00,1,11,0,0,1,0,1
2026-09-18T14:22:12.748391+00:00,1,11,0,0,1,0,1
2026-09-18T14:23:12.434755+00:00,1,11,0,1,0,0,1
2026-09-18T14:24:12.434276+00:00,1,11,0,1,0,0,1
2026-09-18T14:25:13.964025+00:00,1,11,0,1,0,0,1
2026-09-18T14:26:13.263710+00:00,0,11,0,0,0,0,0
2026-09-18T14:27:12.902410+00:00,0,11,0,0,0,0,0
2026-09-18T14:28:12.417781+00:00,0,11,0,0,0,0,0
2026-09-18T14:29:12.439685+00:00,0,11,0,0,0,0,0
2026-09-18T14:30:17.443328+00:00,0,11,0,0,0,0,0
2026-09-18T14:31:12.470346+00:00,0,11,0,0,0,0,0
2026-09-18T14:32:13.442717+00:00,2,13,0,0,1,1,2
2026-09-18T14:33:12.516045+00:00,2,13,0,0,1,1,2
2026-09-18T14:34:13.373078+00:00,2,13,0,0,1,1,2
2026-09-18T14:35:13.715924+00:00,2,13,0,0,2,0,2
2026-09-18T14:36:13.077765+00:00,2,13,0,0,2,0,2
2026-09-18T14:37:12.056004+00:00,2,13,0,0,2,0,2
2026-09-18T14:38:28.194014+00:00,1,13,0,0,0,0,0
2026-09-18T14:39:12.288012+00:00,1,13,0,0,0,0,0
2026-09-18T14:40:15.129585+00:00,1,13,0,0,0,0,0
2026-09-18T14:41:12.116434+00:00,1,13,0,0,0,0,0
2026-09-18T14:42:12.220346+00:00,1,13,0,0,0,0,0
2026-09-18T14:43:13.443967+00:00,1,13,0,0,0,0,0
2026-09-18T14:44:12.945040+00:00,1,13,0,0,0,1,1
2026-09-18T14:45:18.580379+00:00,1,13,0,0,0,1,1
2026-09-18T14:46:14.965228+00:00,1,13,0,0,0,1,1
2026-09-18T14:47:13.908204+00:00,0,13,0,0,0,0,0
2026-09-18T14:48:13.191968+00:00,0,13,0,0,0,0,0
2026-09-18T14:49:12.824071+00:00,0,13,0,0,0,0,0
2026-09-18T14:50:15.762799+00:00,1,13,0,0,1,0,1
2026-09-18T14:51:13.201728+00:00,1,13,0,0,1,0,1
2026-09-18T14:52:13.046595+00:00,1,13,0,0,1,0,1
2026-09-18T14:53:13.731189+00:00,9,21,0,0,5,4,9
2026-09-18T14:54:12.172869+00:00,9,21,0,0,5,4,9
2026-09-18T14:55:15.107652+00:00,9,21,0,0,5,4,9
2026-09-18T14:56:13.280492+00:00,6,21,0,0,3,3,6
2026-09-18T14:57:12.389572+00:00,6,21,0,0,3,3,6
2026-09-18T14:58:12.647330+00:00,6,21,0,0,3,3,6
2026-09-18T14:59:12.283524+00:00,12,26,0,0,6,5,11
2026-09-18T15:00:16.786613+00:00,12,26,0,0,6,5,11
2026-09-18T15:01:11.796555+00:00,12,26,0,0,6,5,11
2026-09-18T15:02:12.611871+00:00,9,26,0,0,4,4,8
2026-09-18T15:03:12.748814+00:00,9,26,0,0,4,4,8
2026-09-18T15:04:12.562026+00:00,9,26,0,0,4,4,8
2026-09-18T15:05:13.832882+00:00,11,28,0,0,5,6,11
2026-09-18T15:06:12.799598+00:00,11,28,0,0,5,6,11
2026-09-18T15:07:14.819606+00:00,11,28,0,0,5,6,11
2026-09-18T15:08:12.819372+00:00,12,28,0,0,6,6,12
2026-09-18T15:09:12.349445+00:00,12,28,0,0,6,6,12
2026-09-18T15:10:15.748947+00:00,12,28,0,0,6,6,12
2026-09-18T15:11:12.651475+00:00,12,28,0,0,6,6,12
2026-09-18T15:12:12.659224+00:00,12,28,0,0,6,6,12
2026-09-18T15:13:13.341387+00:00,12,28,0,0,6,6,12
2026-09-18T15:14:13.191435+00:00,12,28,0,0,5,6,11
2026-09-18T15:15:18.292621+00:00,12,28,0,0,5,6,11
2026-09-18T15:16:14.548900+00:00,12,28,0,0,5,6,11
2026-09-18T15:17:12.359667+00:00,13,28,0,0,6,7,13
2026-09-18T15:18:12.726790+00:00,13,28,0,0,6,7,13
2026-09-18T15:19:13.051273+00:00,13,28,0,0,6,7,13
2026-09-18T15:20:16.265229+00:00,13,28,0,0,7,6,13
2026-09-18T15:21:12.469832+00:00,13,28,0,0,7,6,13
2026-09-18T15:22:12.947235+00:00,13,28,0,0,7,6,13
2026-09-18T15:23:13.279996+00:00,13,28,0,0,7,6,13
2026-09-18T15:24:14.136261+00:00,13,28,0,0,7,6,13
2026-09-18T15:25:13.431045+00:00,13,28,0,0,7,6,13
2026-09-18T15:26:12.892942+00:00,18,31,0,7,3,7,17
2026-09-18T15:27:14.271938+00:00,18,31,0,7,3,7,17
2026-09-18T15:28:13.574495+00:00,18,31,0,7,3,7,17
2026-09-18T15:29:13.328938+00:00,17,32,0,8,0,9,17
2026-09-18T15:30:20.038392+00:00,17,32,0,8,0,9,17
2026-09-18T15:31:15.744442+00:00,17,32,0,8,0,9,17
2026-09-18T15:32:12.866601+00:00,18,33,0,7,0,8,15
2026-09-18T15:33:13.668969+00:00,18,33,0,7,0,8,15
2026-09-18T15:34:15.453415+00:00,18,33,0,7,0,8,15
2026-09-18T15:35:15.793501+00:00,18,36,0,7,0,9,16
2026-09-18T15:36:12.429629+00:00,18,36,0,7,0,9,16
2026-09-18T15:37:13.692393+00:00,18,36,0,7,0,9,16
2026-09-18T15:38:12.943041+00:00,12,36,0,5,0,7,12
2026-09-18T15:39:14.147791+00:00,12,36,0,5,0,7,12
2026-09-18T15:40:19.157810+00:00,12,36,0,5,0,7,12
2026-09-18T15:41:13.945673+00:00,14,36,0,6,0,8,14
2026-09-18T15:42:13.528416+00:00,14,36,0,6,0,8,14
2026-09-18T15:43:13.312852+00:00,14,36,0,6,0,8,14
2026-09-18T15:44:14.806196+00:00,19,37,0,8,0,9,17
2026-09-18T15:45:17.776539+00:00,19,37,0,8,0,9,17
2026-09-18T15:46:12.568307+00:00,19,37,0,8,0,9,17
2026-09-18T15:47:12.720312+00:00,17,37,0,7,6,4,17
2026-09-18T15:48:12.630724+00:00,17,37,0,7,6,4,17
2026-09-18T15:49:12.244874+00:00,17,37,0,7,6,4,17
2026-09-18T15:50:13.802739+00:00,18,39,0,8,4,6,18
2026-09-18T15:51:12.455963+00:00,18,39,0,8,4,6,18
2026-09-18T15:52:12.614130+00:00,18,39,0,8,4,6,18
2026-09-18T15:53:13.540866+00:00,21,42,0,7,9,5,21
2026-09-18T15:54:13.231360+00:00,21,42,0,7,9,5,21
2026-09-18T15:55:13.641450+00:00,21,42,0,7,9,5,21
2026-09-18T15:56:12.161968+00:00,21,42,0,11,4,6,21
2026-09-18T15:57:12.225521+00:00,21,42,0,11,4,6,21
2026-09-18T15:58:14.609702+00:00,21,42,0,11,4,6,21
2026-09-18T15:59:13.361361+00:00,21,42,0,8,3,8,19
2026-09-18T16:00:19.436556+00:00,21,42,0,8,3,8,19
2026-09-18T16:01:14.976790+00:00,21,42,0,8,3,8,19
2026-09-18T16:02:13.841652+00:00,17,42,0,6,5,5,16
2026-09-18T16:03:13.537706+00:00,17,42,0,6,5,5,16
2026-09-18T16:04:13.218817+00:00,17,42,0,6,5,5,16
2026-09-18T16:05:14.649983+00:00,15,42,0,6,6,3,15
2026-09-18T16:06:13.829877+00:00,15,42,0,6,6,3,15
2026-09-18T16:07:13.024520+00:00,15,42,0,6,6,3,15
2026-09-18T16:08:12.853102+00:00,15,42,0,6,6,3,15
2026-09-18T16:09:12.254121+00:00,15,42,0,6,6,3,15
2026-09-18T16:10:15.417947+00:00,15,42,0,6,6,3,15
2026-09-18T16:11:11.969093+00:00,20,42,0,8,5,6,19
2026-09-18T16:12:12.565358+00:00,20,42,0,8,5,6,19
2026-09-18T16:13:13.692594+00:00,20,42,0,8,5,6,19
2026-09-18T16:14:12.198385+00:00,18,42,0,6,7,5,18
2026-09-18T16:15:21.973649+00:00,18,42,0,6,7,5,18
2026-09-18T16:16:12.482147+00:00,18,42,0,6,7,5,18
2026-09-18T16:17:12.442641+00:00,21,45,0,6,6,8,20
2026-09-18T16:18:13.303679+00:00,21,45,0,6,6,8,20
2026-09-18T16:19:12.387873+00:00,21,45,0,6,6,8,20
2026-09-18T16:20:15.850840+00:00,18,46,3,4,6,3,16
2026-09-18T16:21:12.730973+00:00,18,46,3,4,6,3,16
2026-09-18T16:22:12.947370+00:00,18,46,3,4,6,3,16
2026-09-18T16:23:13.248510+00:00,16,46,0,4,5,6,15
2026-09-18T16:24:12.460649+00:00,16,46,0,4,5,6,15
2026-09-18T16:25:14.755022+00:00,16,46,0,4,5,6,15
2026-09-18T16:26:13.036098+00:00,17,46,0,6,5,5,16
2026-09-18T16:27:11.930998+00:00,17,46,0,6,5,5,16
2026-09-18T16:28:13.709821+00:00,17,46,0,6,5,5,16
2026-09-18T16:29:12.928303+00:00,21,47,3,9,4,5,21
2026-09-18T16:30:15.379433+00:00,21,47,3,9,4,5,21
2026-09-18T16:31:12.820600+00:00,21,47,3,9,4,5,21
2026-09-18T16:32:12.486142+00:00,24,49,8,5,4,5,22
2026-09-18T16:33:11.880467+00:00,24,49,8,5,4,5,22
2026-09-18T16:34:12.577127+00:00,24,49,8,5,4,5,22
2026-09-18T16:35:14.836276+00:00,23,52,4,5,6,8,23
2026-09-18T16:36:12.783992+00:00,23,52,4,5,6,8,23
2026-09-18T16:37:12.194987+00:00,23,52,4,5,6,8,23
2026-09-18T16:38:12.854486+00:00,26,52,6,7,6,7,26
2026-09-18T16:39:13.815923+00:00,26,52,6,7,6,7,26
2026-09-18T16:40:15.494348+00:00,26,52,6,7,6,7,26
2026-09-18T16:41:12.584861+00:00,21,52,4,5,7,5,21
2026-09-18T16:42:13.578332+00:00,21,52,4,5,7,5,21
2026-09-18T16:43:13.191007+00:00,21,52,4,5,7,5,21
2026-09-18T16:44:13.637166+00:00,19,53,1,3,5,7,16
2026-09-18T16:45:19.908902+00:00,19,53,1,3,5,7,16
2026-09-18T16:46:13.074800+00:00,19,53,1,3,5,7,16
2026-09-18T16:47:12.970779+00:00,22,54,3,6,6,4,19
2026-09-18T16:48:12.373003+00:00,22,54,3,6,6,4,19
2026-09-18T16:49:13.352542+00:00,22,54,3,6,6,4,19
2026-09-18T16:50:16.483701+00:00,21,54,5,6,6,4,21
2026-09-18T16:51:21.139020+00:00,21,54,5,6,6,4,21
2026-09-18T16:52:11.878322+00:00,21,54,5,6,6,4,21
2026-09-18T16:53:14.057126+00:00,19,55,3,6,3,6,18
2026-09-18T16:54:14.151947+00:00,19,55,3,6,3,6,18
2026-09-18T16:55:14.298285+00:00,19,55,3,6,3,6,18
2026-09-18T16:56:12.410987+00:00,17,55,4,5,5,2,16
2026-09-18T16:57:13.158525+00:00,17,55,4,5,5,2,16
2026-09-18T16:58:13.708965+00:00,17,55,4,5,5,2,16
2026-09-18T16:59:13.650607+00:00,29,60,6,7,7,7,27
2026-09-18T17:00:24.670767+00:00,29,60,6,7,7,7,27
2026-09-18T17:01:12.906997+00:00,29,60,6,7,7,7,27
2026-09-18T17:02:12.867618+00:00,21,60,5,6,4,5,20
2026-09-18T17:03:14.246108+00:00,21,60,5,6,4,5,20
2026-09-18T17:04:13.578560+00:00,21,60,5,6,4,5,20
2026-09-18T17:05:15.724443+00:00,20,60,4,6,5,5,20
2026-09-18T17:06:13.355370+00:00,20,60,4,6,5,5,20
2026-09-18T17:07:13.821645+00:00,20,60,4,6,5,5,20
2026-09-18T17:08:14.256417+00:00,20,60,3,7,5,5,20
2026-09-18T17:09:12.803419+00:00,20,60,3,7,5,5,20
2026-09-18T17:10:18.516225+00:00,20,60,3,7,5,5,20
2026-09-18T17:11:12.558562+00:00,19,60,5,5,5,4,19
2026-09-18T17:12:15.828825+00:00,19,60,5,5,5,4,19
2026-09-18T17:13:13.239301+00:00,19,60,5,5,5,4,19
2026-09-18T17:14:12.939196+00:00,20,60,5,4,4,7,20
2026-09-18T17:15:19.318345+00:00,20,60,5,4,4,7,20
2026-09-18T17:16:17.880515+00:00,20,60,5,4,4,7,20
2026-09-18T17:17:12.717234+00:00,22,61,4,6,4,6,20
2026-09-18T17:18:12.700873+00:00,22,61,4,6,4,6,20
2026-09-18T17:19:13.304602+00:00,22,61,4,6,4,6,20
2026-09-18T17:20:15.719650+00:00,23,63,4,6,4,7,21
2026-09-18T17:21:14.841893+00:00,23,63,4,6,4,7,21
2026-09-18T17:22:15.434474+00:00,23,63,4,6,4,7,21
2026-09-18T17:24:14.588791+00:00,25,64,5,9,3,6,23
2026-09-18T17:25:16.972982+00:00,25,64,5,9,3,6,23
2026-09-18T17:26:15.595379+00:00,21,65,5,5,5,4,19
2026-09-18T17:27:14.081544+00:00,21,65,5,5,5,4,19
2026-09-18T17:28:13.237472+00:00,21,65,5,5,5,4,19
2026-09-18T17:29:14.221056+00:00,24,67,5,7,4,7,23
2026-09-18T17:30:21.462117+00:00,24,67,5,7,4,7,23
2026-09-18T17:31:17.799607+00:00,24,67,5,7,4,7,23
2026-09-18T17:32:13.286268+00:00,25,67,5,7,8,5,25
2026-09-18T17:33:14.148977+00:00,25,67,5,7,8,5,25
2026-09-18T17:34:13.014535+00:00,25,67,5,7,8,5,25
2026-09-18T17:35:16.303300+00:00,25,67,5,7,7,6,25
2026-09-18T17:36:11.819854+00:00,25,67,5,7,7,6,25
2026-09-18T17:37:13.504225+00:00,25,67,5,7,7,6,25
2026-09-18T17:38:12.379927+00:00,24,67,5,8,5,6,24
2026-09-18T17:39:12.855523+00:00,24,67,5,8,5,6,24
2026-09-18T17:40:15.416186+00:00,24,67,5,8,5,6,24
2026-09-18T17:42:12.383951+00:00,24,68,6,8,5,4,23
2026-09-18T17:43:12.699757+00:00,24,68,6,8,5,4,23
2026-09-18T17:44:14.909101+00:00,20,68,5,6,4,5,20
2026-09-18T17:45:19.522813+00:00,20,68,5,6,4,5,20
2026-09-18T17:46:13.139257+00:00,20,68,5,6,4,5,20
2026-09-18T17:47:12.001281+00:00,22,68,3,5,7,7,22
2026-09-18T17:48:14.086166+00:00,22,68,3,5,7,7,22
2026-09-18T17:49:12.574553+00:00,22,68,3,5,7,7,22
2026-09-18T17:50:14.713983+00:00,17,68,1,3,7,6,17
2026-09-18T17:51:12.230422+00:00,17,68,1,3,7,6,17
2026-09-18T17:52:12.040057+00:00,17,68,1,3,7,6,17
2026-09-18T17:53:11.404486+00:00,23,69,1,7,7,8,23
2026-09-18T17:54:12.789165+00:00,23,69,1,7,7,8,23
2026-09-18T17:55:13.266685+00:00,23,69,1,7,7,8,23
2026-09-18T17:56:20.480733+00:00,27,70,2,9,10,5,26
2026-09-18T17:57:12.693811+00:00,27,70,2,9,10,5,26
2026-09-18T17:58:12.331237+00:00,27,70,2,9,10,5,26
2026-09-18T17:59:12.391563+00:00,21,71,3,7,5,5,20
2026-09-18T18:00:20.562509+00:00,21,71,3,7,5,5,20
2026-09-18T18:01:13.685838+00:00,21,71,3,7,5,5,20
2026-09-18T18:02:12.069548+00:00,25,72,4,5,6,9,24
2026-09-18T18:03:12.573415+00:00,25,72,4,5,6,9,24
2026-09-18T18:04:12.691281+00:00,25,72,4,5,6,9,24
2026-09-18T18:05:15.046537+00:00,20,72,0,6,8,5,19
2026-09-18T18:06:12.445916+00:00,20,72,0,6,8,5,19
2026-09-18T18:07:11.909279+00:00,20,72,0,6,8,5,19
2026-09-18T18:08:12.164334+00:00,19,73,0,8,7,4,19
2026-09-18T18:09:12.044884+00:00,19,73,0,8,7,4,19
2026-09-18T18:10:14.169117+00:00,19,73,0,8,7,4,19
2026-09-18T18:11:11.656971+00:00,16,74,0,6,4,5,15
2026-09-18T18:12:12.381381+00:00,16,74,0,6,4,5,15
2026-09-18T18:13:12.905855+00:00,16,74,0,6,4,5,15
2026-09-18T18:14:12.096166+00:00,24,75,0,9,6,9,24
2026-09-18T18:15:17.025869+00:00,24,75,0,9,6,9,24
2026-09-18T18:16:15.515585+00:00,24,75,0,9,6,9,24
2026-09-18T18:17:11.440472+00:00,17,75,0,5,6,6,17
2026-09-18T18:18:12.511790+00:00,17,75,0,5,6,6,17
2026-09-18T18:19:12.663258+00:00,17,75,0,5,6,6,17
2026-09-18T18:20:14.733053+00:00,20,75,0,7,6,7,20
2026-09-18T18:21:13.126414+00:00,20,75,0,7,6,7,20
2026-09-18T18:22:11.607984+00:00,20,75,0,7,6,7,20
2026-09-18T18:23:12.297150+00:00,18,75,0,6,4,6,16
2026-09-18T18:24:11.815244+00:00,18,75,0,6,4,6,16
2026-09-18T18:25:13.339760+00:00,18,75,0,6,4,6,16
2026-09-18T18:26:11.689929+00:00,23,77,0,8,6,8,22
2026-09-18T18:27:12.792680+00:00,23,77,0,8,6,8,22
2026-09-18T18:28:12.216853+00:00,23,77,0,8,6,8,22
2026-09-18T18:29:12.290242+00:00,18,77,0,5,6,7,18
2026-09-18T18:30:17.132185+00:00,18,77,0,5,6,7,18
2026-09-18T18:31:13.177163+00:00,18,77,0,5,6,7,18
2026-09-18T18:32:12.290740+00:00,20,79,0,9,4,6,19
2026-09-18T18:33:11.587020+00:00,20,79,0,9,4,6,19
2026-09-18T18:34:11.787834+00:00,20,79,0,9,4,6,19
2026-09-18T18:35:13.925637+00:00,20,79,0,10,5,5,20
2026-09-18T18:36:11.700047+00:00,20,79,0,10,5,5,20
2026-09-18T18:37:11.142316+00:00,20,79,0,10,5,5,20
2026-09-18T18:38:12.684616+00:00,17,80,0,8,3,5,16
2026-09-18T18:39:12.657639+00:00,17,80,0,8,3,5,16
2026-09-18T18:40:15.657126+00:00,17,80,0,8,3,5,16
2026-09-18T18:41:11.959197+00:00,20,82,0,7,7,5,19
2026-09-18T18:42:11.963135+00:00,20,82,0,7,7,5,19
2026-09-18T18:43:11.511687+00:00,20,82,0,7,7,5,19
2026-09-18T18:44:12.574383+00:00,17,82,0,6,5,5,16
2026-09-18T18:45:17.511391+00:00,17,82,0,6,5,5,16
2026-09-18T18:46:13.725767+00:00,17,82,0,6,5,5,16
2026-09-18T18:47:12.449854+00:00,20,82,0,8,5,7,20
2026-09-18T18:48:12.014235+00:00,20,82,0,8,5,7,20
2026-09-18T18:49:12.746740+00:00,20,82,0,8,5,7,20
2026-09-18T18:50:14.735560+00:00,23,84,0,11,5,7,23
2026-09-18T18:51:12.656488+00:00,23,84,0,11,5,7,23
2026-09-18T18:52:14.015480+00:00,23,84,0,11,5,7,23
2026-09-18T18:53:13.103424+00:00,20,85,0,8,6,6,20
2026-09-18T18:54:15.766681+00:00,20,85,0,8,6,6,20
2026-09-18T18:55:14.346243+00:00,20,85,0,8,6,6,20
2026-09-18T18:56:12.171767+00:00,18,85,0,7,6,5,18
2026-09-18T18:57:12.104268+00:00,18,85,0,7,6,5,18
2026-09-18T18:58:11.996215+00:00,18,85,0,7,6,5,18
2026-09-18T18:59:14.857559+00:00,18,86,0,7,6,5,18
2026-09-18T19:00:18.779533+00:00,18,86,0,7,6,5,18
2026-09-18T19:01:14.588544+00:00,18,86,0,7,6,5,18
2026-09-18T19:02:12.642272+00:00,17,86,0,6,5,6,17
2026-09-18T19:03:11.842310+00:00,17,86,0,6,5,6,17
2026-09-18T19:04:11.854878+00:00,17,86,0,6,5,6,17
2026-09-18T19:05:14.900250+00:00,19,89,0,9,4,5,18
2026-09-18T19:06:14.277162+00:00,19,89,0,9,4,5,18
2026-09-18T19:07:12.942156+00:00,19,89,0,9,4,5,18
2026-09-18T19:08:12.824839+00:00,17,89,0,7,4,5,16
2026-09-18T19:09:11.741543+00:00,17,89,0,7,4,5,16
2026-09-18T19:10:15.106955+00:00,17,89,0,7,4,5,16
2026-09-18T19:11:13.857220+00:00,17,89,0,5,5,5,15
2026-09-18T19:12:12.759017+00:00,17,89,0,5,5,5,15
2026-09-18T19:13:12.883896+00:00,17,89,0,5,5,5,15
2026-09-18T19:14:12.984309+00:00,20,91,0,6,6,8,20
2026-09-18T19:15:15.205851+00:00,20,91,0,6,6,8,20
2026-09-18T19:16:14.349578+00:00,20,91,0,6,6,8,20
2026-09-18T19:17:11.670759+00:00,20,91,0,7,7,5,19
2026-09-18T19:18:12.647226+00:00,20,91,0,7,7,5,19
2026-09-18T19:19:13.140511+00:00,20,91,0,7,7,5,19
2026-09-18T19:20:15.247377+00:00,20,93,3,5,4,6,18
2026-09-18T19:21:12.109345+00:00,20,93,3,5,4,6,18
2026-09-18T19:22:14.622696+00:00,20,93,3,5,4,6,18
2026-09-18T19:23:12.477114+00:00,22,96,0,8,5,9,22
2026-09-18T19:24:15.618305+00:00,22,96,0,8,5,9,22
2026-09-18T19:25:14.818489+00:00,22,96,0,8,5,9,22
2026-09-18T19:26:12.812015+00:00,20,96,0,5,7,7,19
2026-09-18T19:27:12.159106+00:00,20,96,0,5,7,7,19
2026-09-18T19:28:12.152782+00:00,20,96,0,5,7,7,19
2026-09-18T19:29:13.099757+00:00,19,96,0,6,5,6,17
2026-09-18T19:30:18.426947+00:00,19,96,0,6,5,6,17
2026-09-18T19:31:14.998018+00:00,19,96,0,6,5,6,17
2026-09-18T19:32:13.663744+00:00,15,97,0,4,4,6,14
2026-09-18T19:33:12.872238+00:00,15,97,0,4,4,6,14
2026-09-18T19:34:12.588543+00:00,15,97,0,4,4,6,14
2026-09-18T19:35:15.664408+00:00,16,97,0,6,4,6,16
2026-09-18T19:36:11.829285+00:00,16,97,0,6,4,6,16
2026-09-18T19:37:12.014533+00:00,16,97,0,6,4,6,16
2026-09-18T19:38:12.397587+00:00,21,99,0,8,6,6,20
2026-09-18T19:39:13.552855+00:00,21,99,0,8,6,6,20
2026-09-18T19:40:15.110953+00:00,21,99,0,8,6,6,20
2026-09-18T19:41:13.371013+00:00,22,100,0,7,6,9,22
2026-09-18T19:42:13.467553+00:00,22,100,0,7,6,9,22
2026-09-18T19:43:12.634761+00:00,22,100,0,7,6,9,22
2026-09-18T19:44:12.404772+00:00,20,100,0,8,6,6,20
2026-09-18T20:00:03.747271+00:00,16,102,0,6,6,4,16
2026-09-18T20:01:32.479929+00:00,16,102,0,6,6,4,16
2026-09-18T20:05:33.559210+00:00,12,102,0,2,6,3,11
2026-09-18T20:06:30.890683+00:00,12,102,0,2,6,3,11
2026-09-18T20:07:24.153674+00:00,12,102,0,2,6,3,11
2026-09-18T20:08:13.531441+00:00,12,102,0,5,4,3,12
2026-09-18T20:08:55.681071+00:00,12,102,0,5,4,3,12
2026-09-18T20:09:38.770591+00:00,12,102,0,5,4,3,12
2026-09-18T20:10:31.681500+00:00,12,102,0,5,4,3,12
2026-09-18T20:11:14.793054+00:00,2,102,0,1,1,0,2
2026-09-18T20:12:24.703856+00:00,2,102,0,1,1,0,2
2026-09-18T20:13:06.249605+00:00,2,102,0,1,1,0,2
2026-09-18T20:13:38.332129+00:00,2,102,0,1,1,0,2
2026-09-18T20:14:23.593656+00:00,6,102,0,0,2,2,4
2026-09-18T20:15:40.046630+00:00,6,102,0,0,2,2,4
2026-09-18T20:16:16.487689+00:00,6,102,0,0,2,2,4
2026-09-18T20:16:46.018458+00:00,6,102,0,0,2,2,4
2026-09-18T20:17:28.846224+00:00,1,102,0,0,1,0,1
2026-09-18T20:17:59.924235+00:00,1,102,0,0,1,0,1
2026-09-18T20:18:31.959463+00:00,1,102,0,0,1,0,1
2026-09-18T20:19:03.840226+00:00,1,102,0,0,1,0,1
2026-09-18T20:19:59.679557+00:00,1,102,0,0,1,0,1
2026-09-18T20:21:01.956679+00:00,3,102,0,0,1,2,3
2026-09-18T20:21:59.984110+00:00,3,102,0,0,1,2,3
2026-09-18T20:22:32.498493+00:00,3,102,0,0,1,2,3
2026-09-18T20:23:03.644964+00:00,3,102,0,0,1,2,3
2026-09-18T20:23:45.409855+00:00,4,102,1,0,3,0,4
2026-09-18T20:24:27.389280+00:00,4,102,1,0,3,0,4
2026-09-18T20:24:58.398749+00:00,4,102,1,0,3,0,4
2026-09-18T20:25:31.459647+00:00,4,102,1,0,3,0,4
2026-09-18T20:26:10.813316+00:00,8,105,0,4,2,2,8
2026-09-18T20:26:41.574567+00:00,8,105,0,4,2,2,8
2026-09-18T20:27:12.636541+00:00,8,105,0,4,2,2,8
2026-09-18T20:27:44.865648+00:00,8,105,0,4,2,2,8
2026-09-18T20:28:16.183655+00:00,8,105,0,4,2,2,8
2026-09-18T20:28:48.573805+00:00,8,105,0,4,2,2,8
2026-09-18T20:29:18.639390+00:00,6,105,0,0,2,3,5
2026-09-18T20:29:49.406352+00:00,6,105,0,0,2,3,5
2026-09-18T20:30:26.176543+00:00,6,105,0,0,2,3,5
2026-09-18T20:31:06.330428+00:00,6,105,0,0,2,3,5
2026-09-18T20:31:45.868800+00:00,6,105,0,0,2,3,5
2026-09-18T20:32:48.203825+00:00,8,106,0,3,2,2,7
2026-09-18T20:34:11.770575+00:00,8,106,0,3,2,2,7
2026-09-18T20:34:42.486659+00:00,8,106,0,3,2,2,7
2026-09-18T20:35:14.179959+00:00,4,106,0,0,2,1,3
2026-09-18T20:36:11.567222+00:00,4,106,0,0,2,1,3
2026-09-18T20:37:12.650150+00:00,4,106,0,0,2,1,3
2026-09-18T20:38:11.715173+00:00,8,107,1,2,3,2,8
2026-09-18T20:39:11.445758+00:00,8,107,1,2,3,2,8
2026-09-18T20:40:13.408267+00:00,8,107,1,2,3,2,8
2026-09-18T20:41:11.460530+00:00,8,107,1,2,3,2,8
2026-09-18T20:42:12.570665+00:00,8,107,1,2,3,2,8
2026-09-18T20:43:12.051960+00:00,8,107,1,2,3,2,8
2026-09-18T20:44:11.821972+00:00,10,110,2,1,1,0,4
2026-09-18T20:45:16.097609+00:00,10,110,2,1,1,0,4
2026-09-18T20:46:14.124151+00:00,10,110,2,1,1,0,4
2026-09-18T20:47:13.284287+00:00,15,114,2,1,4,7,14
2026-09-18T20:48:12.191451+00:00,15,114,2,1,4,7,14
2026-09-18T20:49:11.446455+00:00,15,114,2,1,4,7,14
2026-09-18T20:50:14.395381+00:00,14,115,0,2,4,6,12
2026-09-18T20:51:11.890198+00:00,14,115,0,2,4,6,12
2026-09-18T20:52:11.875961+00:00,14,115,0,2,4,6,12
2026-09-18T20:53:12.170275+00:00,16,117,0,7,0,8,15
2026-09-18T20:54:12.189230+00:00,16,117,0,7,0,8,15
2026-09-18T20:55:13.872667+00:00,16,117,0,7,0,8,15
2026-09-18T20:56:12.622824+00:00,12,117,0,5,1,5,11
2026-09-18T20:57:17.836043+00:00,12,117,0,5,1,5,11
2026-09-18T20:58:33.548452+00:00,12,117,0,5,1,5,11
2026-09-18T20:59:24.767976+00:00,11,117,0,5,0,5,10
2026-09-18T21:00:22.709417+00:00,11,117,0,5,0,5,10
2026-09-18T21:01:15.319911+00:00,11,117,0,5,0,5,10
2026-09-18T21:02:11.784925+00:00,15,118,0,9,0,6,15
2026-09-18T21:03:12.188842+00:00,15,118,0,9,0,6,15
2026-09-18T21:04:13.235070+00:00,15,118,0,9,0,6,15
2026-09-18T21:05:13.582158+00:00,16,118,0,7,0,9,16
2026-09-18T21:06:12.429667+00:00,16,118,0,7,0,9,16
2026-09-18T21:07:12.822708+00:00,16,118,0,7,0,9,16
2026-09-18T21:08:12.788016+00:00,16,118,0,7,0,9,16
2026-09-18T21:09:11.714743+00:00,16,118,0,7,0,9,16
2026-09-18T21:10:14.958587+00:00,16,118,0,7,0,9,16
2026-09-18T21:11:13.608985+00:00,16,118,0,6,1,8,15
2026-09-18T21:12:13.282976+00:00,16,118,0,6,1,8,15
2026-09-18T21:13:12.987604+00:00,16,118,0,6,1,8,15
2026-09-18T21:14:12.930808+00:00,19,121,0,10,1,8,19
2026-09-18T21:15:16.940482+00:00,19,121,0,10,1,8,19
2026-09-18T21:16:15.505655+00:00,19,121,0,10,1,8,19
2026-09-18T21:17:13.663369+00:00,17,121,0,8,0,8,16
2026-09-18T21:18:12.913161+00:00,17,121,0,8,0,8,16
2026-09-18T21:19:12.510721+00:00,17,121,0,8,0,8,16
2026-09-18T21:20:15.409299+00:00,16,122,0,7,0,9,16
2026-09-18T21:21:12.392389+00:00,16,122,0,7,0,9,16
2026-09-18T21:22:11.896033+00:00,16,122,0,7,0,9,16
2026-09-18T21:23:12.420364+00:00,17,123,0,8,0,9,17
2026-09-18T21:24:12.767252+00:00,17,123,0,8,0,9,17
2026-09-18T21:25:14.937553+00:00,17,123,0,8,0,9,17
2026-09-18T21:26:12.315283+00:00,19,126,0,9,0,9,18
2026-09-18T21:27:12.372839+00:00,19,126,0,9,0,9,18
2026-09-18T21:28:12.492189+00:00,19,126,0,9,0,9,18
2026-09-18T21:29:11.976080+00:00,18,127,0,10,0,8,18
2026-09-18T21:30:22.915810+00:00,18,127,0,10,0,8,18
2026-09-18T21:31:13.311716+00:00,18,127,0,10,0,8,18
2026-09-18T21:32:12.468058+00:00,15,128,1,7,0,6,14
2026-09-18T21:33:12.493538+00:00,15,128,1,7,0,6,14
2026-09-18T21:34:12.630240+00:00,15,128,1,7,0,6,14
2026-09-18T21:35:13.818671+00:00,16,128,0,8,0,7,15
2026-09-18T21:36:13.448456+00:00,16,128,0,8,0,7,15
2026-09-18T21:37:11.504966+00:00,16,128,0,8,0,7,15
2026-09-18T21:38:13.475093+00:00,19,130,0,9,1,9,19
2026-09-18T21:39:12.603856+00:00,19,130,0,9,1,9,19
2026-09-18T21:40:13.934888+00:00,19,130,0,9,1,9,19
2026-09-18T21:41:12.073497+00:00,20,132,1,8,0,9,18
2026-09-18T21:42:12.608482+00:00,20,132,1,8,0,9,18
2026-09-18T21:43:12.638668+00:00,20,132,1,8,0,9,18
2026-09-18T21:44:13.721616+00:00,17,133,0,7,1,8,16
2026-09-18T21:45:19.848292+00:00,17,133,0,7,1,8,16
2026-09-18T21:46:16.104088+00:00,17,133,0,7,1,8,16
2026-09-18T21:47:12.398713+00:00,12,134,0,9,3,0,12
2026-09-18T21:48:13.477160+00:00,12,134,0,9,3,0,12
2026-09-18T21:49:11.827940+00:00,12,134,0,9,3,0,12
2026-09-18T21:50:13.688407+00:00,11,134,0,8,2,0,10
2026-09-18T21:51:12.961362+00:00,11,134,0,8,2,0,10
2026-09-18T21:52:12.069799+00:00,11,134,0,8,2,0,10
2026-09-18T21:53:12.968428+00:00,24,141,0,10,6,7,23
2026-09-18T21:54:12.439956+00:00,24,141,0,10,6,7,23
2026-09-18T21:55:15.731967+00:00,24,141,0,10,6,7,23
2026-09-18T21:56:12.406989+00:00,18,141,0,6,6,6,18
2026-09-18T21:57:11.444703+00:00,18,141,0,6,6,6,18
2026-09-18T21:58:12.869381+00:00,18,141,0,6,6,6,18
2026-09-18T21:59:13.054153+00:00,17,141,0,6,5,5,16
2026-09-18T22:00:22.750272+00:00,17,141,0,6,5,5,16
2026-09-18T22:01:15.613204+00:00,17,141,0,6,5,5,16
2026-09-18T22:02:13.098944+00:00,20,142,0,8,6,6,20
2026-09-18T22:03:12.005915+00:00,20,142,0,8,6,6,20
2026-09-18T22:04:12.023693+00:00,20,142,0,8,6,6,20
2026-09-18T22:05:13.969365+00:00,19,142,0,7,6,5,18
2026-09-18T22:06:13.690621+00:00,19,142,0,7,6,5,18
2026-09-18T22:07:13.503124+00:00,19,142,0,7,6,5,18
2026-09-18T22:08:12.589358+00:00,15,144,1,3,5,5,14
2026-09-18T22:09:12.898695+00:00,15,144,1,3,5,5,14
2026-09-18T22:10:14.201348+00:00,15,144,1,3,5,5,14
2026-09-18T22:11:11.416271+00:00,18,144,0,4,5,7,16
2026-09-18T22:12:13.022161+00:00,18,144,0,4,5,7,16
2026-09-18T22:13:11.904115+00:00,18,144,0,4,5,7,16
2026-09-18T22:14:11.984355+00:00,17,144,0,6,6,4,16
2026-09-18T22:15:17.425592+00:00,17,144,0,6,6,4,16
2026-09-18T22:16:18.351861+00:00,17,144,0,6,6,4,16
2026-09-18T22:17:12.337940+00:00,19,145,0,5,6,8,19
2026-09-18T22:18:13.602113+00:00,19,145,0,5,6,8,19
2026-09-18T22:19:12.791742+00:00,19,145,0,5,6,8,19
2026-09-18T22:20:13.759384+00:00,14,147,0,5,5,4,14
2026-09-18T22:21:11.339062+00:00,14,147,0,5,5,4,14
2026-09-18T22:22:11.354259+00:00,14,147,0,5,5,4,14
2026-09-18T22:23:12.233957+00:00,13,147,0,2,5,5,12
2026-09-18T22:24:11.672334+00:00,13,147,0,2,5,5,12
2026-09-18T22:25:12.817335+00:00,13,147,0,2,5,5,12
2026-09-18T22:26:12.835414+00:00,9,147,0,1,5,3,9
2026-09-18T22:27:11.471760+00:00,9,147,0,1,5,3,9
2026-09-18T22:28:12.984357+00:00,9,147,0,1,5,3,9
2026-09-18T22:29:13.317919+00:00,12,147,0,0,8,3,11
2026-09-18T22:30:17.396294+00:00,12,147,0,0,8,3,11
2026-09-18T22:31:16.967678+00:00,12,147,0,0,8,3,11
2026-09-18T22:32:12.932217+00:00,16,147,0,1,8,5,14
2026-09-18T22:33:12.814854+00:00,16,147,0,1,8,5,14
2026-09-18T22:34:12.051280+00:00,16,147,0,1,8,5,14
2026-09-18T22:35:15.451612+00:00,13,148,1,1,5,5,12
2026-09-18T22:36:12.768009+00:00,13,148,1,1,5,5,12
2026-09-18T22:37:12.091002+00:00,13,148,1,1,5,5,12
2026-09-18T22:38:12.418513+00:00,14,148,0,1,6,7,14
2026-09-18T22:39:11.065907+00:00,14,148,0,1,6,7,14
2026-09-18T22:40:14.419566+00:00,14,148,0,1,6,7,14
2026-09-18T22:41:12.560164+00:00,7,148,0,0,4,3,7
2026-09-18T22:42:11.342538+00:00,7,148,0,0,4,3,7
2026-09-18T22:43:12.612820+00:00,7,148,0,0,4,3,7
2026-09-18T22:44:12.323687+00:00,6,148,0,2,1,1,4
2026-09-18T22:45:16.204821+00:00,6,148,0,2,1,1,4
2026-09-18T22:46:18.377972+00:00,6,148,0,2,1,1,4
2026-09-18T22:47:12.887823+00:00,8,148,0,5,0,3,8
2026-09-18T22:48:13.896957+00:00,8,148,0,5,0,3,8
2026-09-18T22:49:11.813743+00:00,8,148,0,5,0,3,8
2026-09-18T22:50:14.822121+00:00,6,148,0,1,0,2,3
2026-09-18T22:51:11.522977+00:00,6,148,0,1,0,2,3
2026-09-18T22:52:11.505699+00:00,6,148,0,1,0,2,3
2026-09-18T22:53:12.807520+00:00,10,148,0,1,3,3,7
2026-09-18T22:54:12.384402+00:00,10,148,0,1,3,3,7
2026-09-18T22:55:14.332121+00:00,10,148,0,1,3,3,7
2026-09-18T22:56:10.936614+00:00,11,150,0,1,1,8,10
2026-09-18T22:57:13.032671+00:00,11,150,0,1,1,8,10
2026-09-18T22:58:11.537632+00:00,11,150,0,1,1,8,10
2026-09-18T22:59:12.281261+00:00,12,153,0,2,0,9,11
2026-09-18T23:00:25.574280+00:00,12,153,0,2,0,9,11
2026-09-18T23:01:18.114528+00:00,12,153,0,2,0,9,11
2026-09-18T23:02:11.360790+00:00,11,153,0,4,0,7,11
2026-09-18T23:03:13.373588+00:00,11,153,0,4,0,7,11
2026-09-18T23:04:12.043351+00:00,11,153,0,4,0,7,11
2026-09-18T23:05:14.141447+00:00,13,154,0,7,0,6,13
2026-09-18T23:06:13.061013+00:00,13,154,0,7,0,6,13
2026-09-18T23:07:12.859641+00:00,13,154,0,7,0,6,13
2026-09-18T23:08:12.699768+00:00,20,158,0,10,0,10,20
2026-09-18T23:09:12.290905+00:00,20,158,0,10,0,10,20
2026-09-18T23:10:14.807781+00:00,20,158,0,10,0,10,20
2026-09-18T23:11:12.883403+00:00,16,158,0,8,0,8,16
2026-09-18T23:12:11.687654+00:00,16,158,0,8,0,8,16
2026-09-18T23:13:11.539351+00:00,16,158,0,8,0,8,16
2026-09-18T23:14:12.785541+00:00,14,158,0,6,1,7,14
2026-09-18T23:15:16.601931+00:00,14,158,0,6,1,7,14
2026-09-18T23:16:18.456831+00:00,14,158,0,6,1,7,14
2026-09-18T23:17:12.809937+00:00,17,158,0,7,0,9,16
2026-09-18T23:18:12.187909+00:00,17,158,0,7,0,9,16
2026-09-18T23:19:13.226327+00:00,17,158,0,7,0,9,16
2026-09-18T23:20:14.720905+00:00,17,158,0,7,0,9,16
2026-09-18T23:21:12.063739+00:00,18,158,0,8,0,9,17
2026-09-18T23:22:11.494571+00:00,18,158,0,8,0,9,17
2026-09-18T23:23:12.884270+00:00,18,159,0,9,0,9,18
2026-09-18T23:24:11.853741+00:00,18,159,0,9,0,9,18
2026-09-18T23:25:13.687602+00:00,18,159,0,9,0,9,18
2026-09-18T23:26:13.084075+00:00,13,159,0,6,0,7,13
2026-09-18T23:27:12.238997+00:00,13,159,0,6,0,7,13
2026-09-18T23:28:11.192740+00:00,13,159,0,6,0,7,13
2026-09-18T23:29:11.348987+00:00,16,159,0,5,5,5,15
2026-09-18T23:30:17.663568+00:00,16,159,0,5,5,5,15
2026-09-18T23:31:17.484188+00:00,16,159,0,5,5,5,15
2026-09-18T23:32:13.827100+00:00,19,160,0,6,6,7,19
2026-09-18T23:33:11.778288+00:00,19,160,0,6,6,7,19
2026-09-18T23:34:11.832122+00:00,19,160,0,6,6,7,19
2026-09-18T23:36:12.839880+00:00,20,161,0,8,7,5,20
2026-09-18T23:37:13.109218+00:00,20,161,0,8,7,5,20
2026-09-18T23:38:11.052671+00:00,16,162,0,6,5,5,16
2026-09-18T23:39:11.790558+00:00,16,162,0,6,5,5,16
2026-09-18T23:40:14.569412+00:00,16,162,0,6,5,5,16
2026-09-18T23:41:13.431223+00:00,15,162,0,6,5,4,15
2026-09-18T23:42:12.470891+00:00,15,162,0,6,5,4,15
2026-09-18T23:43:12.114969+00:00,15,162,0,6,5,4,15
2026-09-18T23:44:12.363463+00:00,18,163,0,5,7,5,17
2026-09-18T23:45:15.906231+00:00,18,163,0,5,7,5,17
2026-09-18T23:46:18.751118+00:00,18,163,0,5,7,5,17
2026-09-18T23:47:12.701903+00:00,15,163,0,8,3,3,14
2026-09-18T23:48:13.364261+00:00,15,163,0,8,3,3,14
2026-09-18T23:49:12.524759+00:00,15,163,0,8,3,3,14
2026-09-18T23:51:11.978342+00:00,18,163,0,8,5,5,18
2026-09-18T23:52:12.118495+00:00,18,163,0,8,5,5,18
2026-09-18T23:53:12.595174+00:00,17,165,0,7,5,5,17
2026-09-18T23:54:12.259504+00:00,17,165,0,7,5,5,17
2026-09-18T23:55:14.769538+00:00,17,165,0,7,5,5,17
2026-09-18T23:56:11.504233+00:00,20,168,0,6,6,8,20
2026-09-18T23:57:12.542029+00:00,20,168,0,6,6,8,20
2026-09-18T23:58:13.561940+00:00,20,168,0,6,6,8,20
2026-09-18T23:59:11.658136+00:00,20,168,0,8,6,6,20
2026-09-19T00:00:19.334090+00:00,20,168,0,8,6,6,20
2026-09-19T00:01:18.646250+00:00,20,168,0,8,6,6,20
2026-09-19T00:02:12.754385+00:00,12,168,0,5,5,2,12
2026-09-19T00:03:12.421830+00:00,12,168,0,5,5,2,12
2026-09-19T00:04:11.971620+00:00,12,168,0,5,5,2,12
2026-09-19T00:05:13.846411+00:00,6,168,0,0,3,1,4
2026-09-19T00:06:13.433000+00:00,6,168,0,0,3,1,4
2026-09-19T00:07:12.274017+00:00,6,168,0,0,3,1,4
2026-09-19T00:08:12.153242+00:00,0,168,0,0,0,0,0
2026-09-19T00:09:12.565872+00:00,0,168,0,0,0,0,0
2026-09-19T00:10:13.934154+00:00,0,168,0,0,0,0,0
2026-09-19T00:11:15.305558+00:00,0,168,0,0,0,0,0
2026-09-19T00:12:12.481154+00:00,0,168,0,0,0,0,0
2026-09-19T00:13:12.219214+00:00,0,168,0,0,0,0,0
2026-09-19T00:14:13.928817+00:00,2,168,0,0,2,0,2
2026-09-19T00:16:18.974215+00:00,2,168,0,0,2,0,2
2026-09-19T00:17:12.082263+00:00,3,168,0,0,3,0,3
2026-09-19T00:18:12.850448+00:00,3,168,0,0,3,0,3
2026-09-19T00:19:12.908813+00:00,3,168,0,0,3,0,3
2026-09-19T00:20:14.866989+00:00,1,168,0,0,0,1,1
2026-09-19T00:21:11.538469+00:00,1,168,0,0,0,1,1
2026-09-19T00:22:12.936931+00:00,1,168,0,0,0,1,1
2026-09-19T00:23:13.938112+00:00,1,168,0,0,1,0,1
2026-09-19T00:24:12.452084+00:00,1,168,0,0,1,0,1
2026-09-19T00:25:14.506806+00:00,1,168,0,0,1,0,1
2026-09-19T00:26:12.518905+00:00,1,168,0,0,1,0,1
2026-09-19T00:27:11.424873+00:00,1,168,0,0,1,0,1
2026-09-19T00:28:12.030692+00:00,1,168,0,0,1,0,1
2026-09-19T00:29:12.791497+00:00,3,168,0,0,2,0,2
2026-09-19T00:30:19.761719+00:00,3,168,0,0,2,0,2
2026-09-19T00:31:20.541120+00:00,3,168,0,0,2,0,2
2026-09-19T00:32:11.943692+00:00,1,168,0,0,0,1,1
2026-09-19T00:33:12.616085+00:00,1,168,0,0,0,1,1
2026-09-19T00:34:12.149800+00:00,1,168,0,0,0,1,1
2026-09-19T00:35:13.817370+00:00,1,168,0,0,1,0,1
2026-09-19T00:36:14.752181+00:00,1,168,0,0,1,0,1
2026-09-19T00:37:11.121987+00:00,1,168,0,0,1,0,1
2026-09-19T00:38:11.872031+00:00,0,168,0,0,0,0,0
2026-09-19T00:39:13.045956+00:00,0,168,0,0,0,0,0
2026-09-19T00:40:13.698563+00:00,0,168,0,0,0,0,0
2026-09-19T00:41:12.676178+00:00,0,168,0,0,0,0,0
2026-09-19T00:42:11.422473+00:00,0,168,0,0,0,0,0
2026-09-19T00:43:12.113015+00:00,0,168,0,0,0,0,0
2026-09-19T00:44:13.004657+00:00,1,168,0,0,1,0,1
2026-09-19T00:45:16.669636+00:00,1,168,0,0,1,0,1
2026-09-19T00:46:17.590184+00:00,1,168,0,0,1,0,1
2026-09-19T00:47:12.903431+00:00,4,170,0,0,0,3,3
2026-09-19T00:48:12.756560+00:00,4,170,0,0,0,3,3
2026-09-19T00:49:12.893955+00:00,4,170,0,0,0,3,3
2026-09-19T00:50:12.543615+00:00,3,170,0,0,1,1,2
2026-09-19T00:51:11.400627+00:00,3,170,0,0,1,1,2
2026-09-19T00:52:12.172388+00:00,3,170,0,0,1,1,2
2026-09-19T00:53:11.362811+00:00,1,170,0,0,0,0,0
2026-09-19T00:54:12.121993+00:00,1,170,0,0,0,0,0
2026-09-19T00:55:14.226577+00:00,1,170,0,0,0,0,0
2026-09-19T00:56:11.206813+00:00,1,170,0,0,0,0,0
2026-09-19T00:57:11.363331+00:00,1,170,0,0,0,0,0
2026-09-19T00:58:12.265411+00:00,1,170,0,0,0,0,0
2026-09-19T00:59:11.105385+00:00,1,170,0,0,0,1,1
2026-09-19T01:00:23.356854+00:00,1,170,0,0,0,1,1
2026-09-19T01:01:19.146602+00:00,1,170,0,0,0,1,1
2026-09-19T01:02:12.185957+00:00,2,170,0,1,0,1,2
2026-09-19T01:03:12.006210+00:00,2,170,0,1,0,1,2
2026-09-19T01:04:12.746470+00:00,2,170,0,1,0,1,2
2026-09-19T01:05:13.736927+00:00,4,172,0,0,3,0,3
2026-09-19T01:06:11.271015+00:00,4,172,0,0,3,0,3
2026-09-19T01:07:13.230086+00:00,4,172,0,0,3,0,3
2026-09-19T01:08:13.114923+00:00,0,172,0,0,0,0,0
2026-09-19T01:09:13.195670+00:00,0,172,0,0,0,0,0
2026-09-19T01:10:14.178778+00:00,0,172,0,0,0,0,0
2026-09-19T01:11:12.643093+00:00,2,174,0,0,0,0,0
2026-09-19T01:12:12.031894+00:00,2,174,0,0,0,0,0
2026-09-19T01:13:12.826953+00:00,2,174,0,0,0,0,0
2026-09-19T01:14:11.967275+00:00,0,174,0,0,0,0,0
2026-09-19T01:15:17.087778+00:00,0,174,0,0,0,0,0
2026-09-19T01:16:19.248350+00:00,0,174,0,0,0,0,0
2026-09-19T01:17:11.906263+00:00,2,174,0,0,2,0,2
2026-09-19T01:18:12.342964+00:00,2,174,0,0,2,0,2
2026-09-19T01:19:12.238229+00:00,2,174,0,0,2,0,2
2026-09-19T01:20:13.347934+00:00,2,174,0,0,1,0,1
2026-09-19T01:21:13.824203+00:00,2,174,0,0,1,0,1
2026-09-19T01:22:13.301916+00:00,2,174,0,0,1,0,1
2026-09-19T01:23:11.842161+00:00,0,174,0,0,0,0,0
2026-09-19T01:24:12.424917+00:00,0,174,0,0,0,0,0
2026-09-19T01:26:17.031345+00:00,2,174,0,0,2,0,2
2026-09-19T01:27:12.443697+00:00,2,174,0,0,2,0,2
2026-09-19T01:28:12.101557+00:00,2,174,0,0,2,0,2
2026-09-19T01:29:11.798550+00:00,1,174,0,0,1,0,1
2026-09-19T01:30:17.633585+00:00,1,174,0,0,1,0,1
2026-09-19T01:31:19.964942+00:00,1,174,0,0,1,0,1
2026-09-19T01:32:11.221874+00:00,1,174,1,0,0,0,1
2026-09-19T01:33:12.229124+00:00,1,174,1,0,0,0,1
2026-09-19T01:34:12.767885+00:00,1,174,1,0,0,0,1
2026-09-19T01:35:13.947880+00:00,0,174,0,0,0,0,0
2026-09-19T01:36:14.044665+00:00,0,174,0,0,0,0,0
2026-09-19T01:37:11.679121+00:00,0,174,0,0,0,0,0
2026-09-19T01:38:12.024017+00:00,1,175,0,0,0,0,0
2026-09-19T01:39:12.480710+00:00,1,175,0,0,0,0,0
2026-09-19T01:40:13.951867+00:00,1,175,0,0,0,0,0
2026-09-19T01:41:19.172539+00:00,0,175,0,0,0,0,0
2026-09-19T01:42:12.546280+00:00,0,175,0,0,0,0,0
2026-09-19T01:43:11.923345+00:00,0,175,0,0,0,0,0
2026-09-19T01:44:12.563431+00:00,1,175,0,1,0,0,1
2026-09-19T01:45:17.314149+00:00,1,175,0,1,0,0,1
2026-09-19T01:46:18.175049+00:00,1,175,0,1,0,0,1
2026-09-19T01:47:11.013383+00:00,1,175,0,0,0,1,1
2026-09-19T01:48:12.117360+00:00,1,175,0,0,0,1,1
2026-09-19T01:49:12.575918+00:00,1,175,0,0,0,1,1
2026-09-19T01:50:14.018363+00:00,1,175,0,0,0,1,1
2026-09-19T01:51:12.133234+00:00,1,175,0,0,0,1,1
2026-09-19T01:52:11.774451+00:00,1,175,0,0,0,1,1
2026-09-19T01:53:11.443709+00:00,1,175,0,0,0,0,0
2026-09-19T01:54:11.575382+00:00,1,175,0,0,0,0,0
2026-09-19T01:55:14.460798+00:00,1,175,0,0,0,0,0
2026-09-19T01:56:15.358207+00:00,1,175,0,0,1,0,1
2026-09-19T01:57:11.975023+00:00,1,175,0,0,1,0,1
2026-09-19T01:58:12.429321+00:00,1,175,0,0,1,0,1
2026-09-19T01:59:11.615422+00:00,0,175,0,0,0,0,0
2026-09-19T02:00:15.315203+00:00,0,175,0,0,0,0,0
2026-09-19T02:01:18.989208+00:00,0,175,0,0,0,0,0
2026-09-19T02:02:12.745725+00:00,0,175,0,0,0,0,0
2026-09-19T02:03:12.238093+00:00,0,175,0,0,0,0,0
2026-09-19T02:04:12.307559+00:00,0,175,0,0,0,0,0
2026-09-19T02:05:13.687620+00:00,0,175,0,0,0,0,0
2026-09-19T02:06:18.312443+00:00,0,175,0,0,0,0,0
2026-09-19T02:07:11.594553+00:00,0,175,0,0,0,0,0
2026-09-19T02:08:13.718501+00:00,0,175,0,0,0,0,0
2026-09-19T02:09:13.495831+00:00,0,175,0,0,0,0,0
2026-09-19T02:10:14.076472+00:00,0,175,0,0,0,0,0
2026-09-19T02:11:17.642878+00:00,0,175,0,0,0,0,0
2026-09-19T02:12:11.610043+00:00,0,175,0,0,0,0,0
2026-09-19T02:13:11.544107+00:00,0,175,0,0,0,0,0
2026-09-19T02:14:12.355013+00:00,0,175,0,0,0,0,0
2026-09-19T02:15:14.493355+00:00,0,175,0,0,0,0,0
2026-09-19T02:16:17.144719+00:00,0,175,0,0,0,0,0
2026-09-19T02:17:12.269900+00:00,0,175,0,0,0,0,0
2026-09-19T02:18:12.111402+00:00,0,175,0,0,0,0,0
2026-09-19T02:19:11.533068+00:00,0,175,0,0,0,0,0
2026-09-19T02:20:12.706217+00:00,0,175,0,0,0,0,0
2026-09-19T02:21:16.443138+00:00,0,175,0,0,0,0,0
2026-09-19T02:22:12.390286+00:00,0,175,0,0,0,0,0
2026-09-19T02:23:12.368443+00:00,0,175,0,0,0,0,0
2026-09-19T02:24:11.497114+00:00,0,175,0,0,0,0,0
2026-09-19T02:25:13.905770+00:00,0,175,0,0,0,0,0
2026-09-19T02:26:17.540788+00:00,0,175,0,0,0,0,0
2026-09-19T02:27:11.613478+00:00,0,175,0,0,0,0,0
2026-09-19T02:28:12.137531+00:00,0,175,0,0,0,0,0
2026-09-19T02:29:11.200447+00:00,0,175,0,0,0,0,0
2026-09-19T02:30:16.756333+00:00,0,175,0,0,0,0,0
2026-09-19T02:31:17.732458+00:00,0,175,0,0,0,0,0
2026-09-19T02:32:12.183774+00:00,0,175,0,0,0,0,0
2026-09-19T02:33:11.559970+00:00,0,175,0,0,0,0,0
2026-09-19T02:34:12.104818+00:00,0,175,0,0,0,0,0
2026-09-19T02:35:13.643202+00:00,0,175,0,0,0,0,0
2026-09-19T02:36:17.754069+00:00,0,175,0,0,0,0,0
2026-09-19T02:37:11.060926+00:00,0,175,0,0,0,0,0
2026-09-19T02:38:12.239615+00:00,2,177,0,0,1,0,1
2026-09-19T02:39:12.851943+00:00,2,177,0,0,1,0,1
2026-09-19T02:40:14.706903+00:00,2,177,0,0,1,0,1
2026-09-19T02:41:17.975607+00:00,0,177,0,0,0,0,0
2026-09-19T02:42:12.398019+00:00,0,177,0,0,0,0,0
2026-09-19T02:43:12.788310+00:00,0,177,0,0,0,0,0
2026-09-19T02:44:11.734019+00:00,0,177,0,0,0,0,0
2026-09-19T02:45:15.225105+00:00,0,177,0,0,0,0,0
2026-09-19T02:46:17.211713+00:00,0,177,0,0,0,0,0
2026-09-19T02:47:11.298167+00:00,0,177,0,0,0,0,0
2026-09-19T02:48:11.714002+00:00,0,177,0,0,0,0,0
2026-09-19T02:49:11.960290+00:00,0,177,0,0,0,0,0
2026-09-19T02:51:17.698593+00:00,0,177,0,0,0,0,0
2026-09-19T02:52:12.648128+00:00,0,177,0,0,0,0,0
2026-09-19T02:53:11.782756+00:00,0,177,0,0,0,0,0
2026-09-19T02:54:13.455816+00:00,0,177,0,0,0,0,0
2026-09-19T02:55:13.426000+00:00,0,177,0,0,0,0,0
2026-09-19T02:56:18.486643+00:00,0,177,0,0,0,0,0
2026-09-19T02:57:11.348979+00:00,0,177,0,0,0,0,0
2026-09-19T02:58:12.289045+00:00,0,177,0,0,0,0,0
2026-09-19T02:59:11.773162+00:00,0,177,0,0,0,0,0
2026-09-19T13:00:15.576765+00:00,0,0,0,0,0,0,0
2026-09-19T13:01:14.367315+00:00,0,0,0,0,0,0,0
2026-09-19T13:02:12.640611+00:00,1,1,0,0,1,0,1
2026-09-19T13:03:13.563590+00:00,1,1,0,0,1,0,1
2026-09-19T13:04:15.193441+00:00,1,1,0,0,1,0,1
2026-09-19T13:05:15.035812+00:00,1,1,0,0,1,0,1
2026-09-19T13:06:12.206222+00:00,1,1,0,0,1,0,1
2026-09-19T13:07:12.081580+00:00,1,1,0,0,1,0,1
2026-09-19T13:08:12.098153+00:00,0,1,0,0,0,0,0
2026-09-19T13:09:12.079563+00:00,0,1,0,0,0,0,0
2026-09-19T13:10:13.955334+00:00,0,1,0,0,0,0,0
2026-09-19T13:11:11.715998+00:00,0,1,0,0,0,0,0
2026-09-19T13:12:12.891901+00:00,0,1,0,0,0,0,0
2026-09-19T13:13:11.921709+00:00,0,1,0,0,0,0,0
2026-09-19T13:14:12.345769+00:00,0,1,0,0,0,0,0
2026-09-19T13:15:17.909060+00:00,0,1,0,0,0,0,0
2026-09-19T13:16:12.308093+00:00,0,1,0,0,0,0,0
2026-09-19T13:17:11.751133+00:00,2,2,0,0,1,1,2
2026-09-19T13:18:12.854282+00:00,2,2,0,0,1,1,2
2026-09-19T13:19:11.997713+00:00,2,2,0,0,1,1,2
2026-09-19T13:20:14.096369+00:00,0,2,0,0,0,0,0
2026-09-19T13:21:11.887282+00:00,0,2,0,0,0,0,0
2026-09-19T13:22:11.454832+00:00,0,2,0,0,0,0,0
2026-09-19T13:23:11.644509+00:00,0,2,0,0,0,0,0
2026-09-19T13:24:12.093440+00:00,0,2,0,0,0,0,0
2026-09-19T13:25:14.533249+00:00,0,2,0,0,0,0,0
2026-09-19T13:26:11.300870+00:00,0,2,0,0,0,0,0
2026-09-19T13:27:11.564301+00:00,0,2,0,0,0,0,0
2026-09-19T13:28:11.495606+00:00,0,2,0,0,0,0,0
2026-09-19T13:29:11.457198+00:00,2,2,0,0,0,1,1
2026-09-19T13:30:15.710813+00:00,2,2,0,0,0,1,1
2026-09-19T13:31:12.165379+00:00,2,2,0,0,0,1,1
2026-09-19T13:32:13.173226+00:00,0,2,0,0,0,0,0
2026-09-19T13:33:12.501979+00:00,0,2,0,0,0,0,0
2026-09-19T13:34:11.790121+00:00,0,2,0,0,0,0,0
2026-09-19T13:35:13.366727+00:00,0,2,0,0,0,0,0
2026-09-19T13:36:11.445843+00:00,0,2,0,0,0,0,0
2026-09-19T13:37:12.190085+00:00,0,2,0,0,0,0,0
2026-09-19T13:38:12.904507+00:00,0,2,0,0,0,0,0
2026-09-19T13:39:11.969000+00:00,0,2,0,0,0,0,0
2026-09-19T13:40:13.787510+00:00,0,2,0,0,0,0,0
2026-09-19T13:41:12.320365+00:00,0,2,0,0,0,0,0
2026-09-19T13:42:12.253322+00:00,0,2,0,0,0,0,0
2026-09-19T13:43:12.156180+00:00,0,2,0,0,0,0,0
2026-09-19T13:44:12.014447+00:00,0,2,0,0,0,0,0
2026-09-19T13:45:16.029826+00:00,0,2,0,0,0,0,0
2026-09-19T13:46:11.644761+00:00,0,2,0,0,0,0,0
2026-09-19T13:47:11.867720+00:00,2,4,0,0,2,0,2
2026-09-19T13:48:12.246187+00:00,2,4,0,0,2,0,2
2026-09-19T13:49:12.139048+00:00,2,4,0,0,2,0,2
2026-09-19T13:50:14.497923+00:00,0,4,0,0,0,0,0
2026-09-19T13:51:12.112351+00:00,0,4,0,0,0,0,0
2026-09-19T13:52:11.355032+00:00,0,4,0,0,0,0,0
2026-09-19T13:53:11.400046+00:00,0,4,0,0,0,0,0
2026-09-19T13:54:11.552007+00:00,0,4,0,0,0,0,0
2026-09-19T13:55:13.538923+00:00,0,4,0,0,0,0,0
2026-09-19T13:56:11.754338+00:00,0,4,0,0,0,0,0
2026-09-19T13:57:11.282932+00:00,0,4,0,0,0,0,0
2026-09-19T13:58:12.485176+00:00,0,4,0,0,0,0,0
2026-09-19T13:59:11.526952+00:00,1,4,0,0,0,1,1
2026-09-19T14:00:15.967318+00:00,1,4,0,0,0,1,1
2026-09-19T14:01:13.563914+00:00,1,4,0,0,0,1,1
2026-09-19T14:02:12.171858+00:00,0,4,0,0,0,0,0
2026-09-19T14:03:13.692001+00:00,0,4,0,0,0,0,0
2026-09-19T14:04:12.981171+00:00,0,4,0,0,0,0,0
2026-09-19T14:05:13.391618+00:00,0,4,0,0,0,0,0
2026-09-19T14:06:13.237285+00:00,0,4,0,0,0,0,0
2026-09-19T14:07:12.350519+00:00,0,4,0,0,0,0,0
2026-09-19T14:08:13.089642+00:00,0,4,0,0,0,0,0
2026-09-19T14:09:12.706163+00:00,0,4,0,0,0,0,0
2026-09-19T14:10:14.228484+00:00,0,4,0,0,0,0,0
2026-09-19T14:11:12.861650+00:00,0,4,0,0,0,0,0
2026-09-19T14:12:12.941482+00:00,0,4,0,0,0,0,0
2026-09-19T14:13:13.184646+00:00,0,4,0,0,0,0,0
2026-09-19T14:14:12.210083+00:00,0,4,0,0,0,0,0
2026-09-19T14:15:17.517699+00:00,0,4,0,0,0,0,0
2026-09-19T14:16:12.188975+00:00,0,4,0,0,0,0,0
2026-09-19T14:17:12.483178+00:00,2,6,0,0,1,0,1
2026-09-19T14:18:11.531546+00:00,2,6,0,0,1,0,1
2026-09-19T14:19:13.067119+00:00,2,6,0,0,1,0,1
2026-09-19T14:20:15.132121+00:00,0,6,0,0,0,0,0
2026-09-19T14:21:11.960342+00:00,0,6,0,0,0,0,0
2026-09-19T14:22:11.993136+00:00,0,6,0,0,0,0,0
2026-09-19T14:23:12.947738+00:00,1,6,0,0,0,1,1
2026-09-19T14:24:11.619734+00:00,1,6,0,0,0,1,1
2026-09-19T14:25:13.457509+00:00,1,6,0,0,0,1,1
2026-09-19T14:26:12.524857+00:00,3,7,0,0,2,0,2
2026-09-19T14:27:12.118361+00:00,3,7,0,0,2,0,2
2026-09-19T14:28:12.042515+00:00,3,7,0,0,2,0,2
2026-09-19T14:29:11.331703+00:00,1,7,0,0,0,1,1
2026-09-19T14:30:20.291763+00:00,1,7,0,0,0,1,1
2026-09-19T14:31:12.989973+00:00,1,7,0,0,0,1,1
2026-09-19T14:32:12.725134+00:00,1,7,0,0,1,0,1
2026-09-19T14:33:12.653465+00:00,1,7,0,0,1,0,1
2026-09-19T14:34:12.498222+00:00,1,7,0,0,1,0,1
2026-09-19T14:35:14.739886+00:00,0,7,0,0,0,0,0
2026-09-19T14:36:12.671499+00:00,0,7,0,0,0,0,0
2026-09-19T14:37:12.731736+00:00,0,7,0,0,0,0,0
2026-09-19T14:38:12.311561+00:00,0,7,0,0,0,0,0
2026-09-19T14:39:12.919414+00:00,0,7,0,0,0,0,0
2026-09-19T14:40:13.969596+00:00,0,7,0,0,0,0,0
2026-09-19T14:41:12.486645+00:00,1,7,0,0,1,0,1
2026-09-19T14:42:13.312080+00:00,1,7,0,0,1,0,1
2026-09-19T14:43:13.460781+00:00,1,7,0,0,1,0,1
2026-09-19T14:44:12.069830+00:00,1,7,0,0,1,0,1
2026-09-19T14:45:15.572500+00:00,4,9,0,0,1,2,3
2026-09-19T14:46:12.082722+00:00,4,9,0,0,1,2,3
2026-09-19T14:47:12.195249+00:00,2,9,0,0,1,1,2
2026-09-19T14:48:12.845221+00:00,2,9,0,0,1,1,2
2026-09-19T14:49:12.585717+00:00,2,9,0,0,1,1,2
2026-09-19T14:50:13.091271+00:00,3,10,0,0,1,1,2
2026-09-19T14:51:11.669092+00:00,3,10,0,0,1,1,2
2026-09-19T14:52:12.533855+00:00,3,10,0,0,1,1,2
2026-09-19T14:53:12.692255+00:00,2,10,0,0,2,0,2
2026-09-19T14:54:11.720323+00:00,2,10,0,0,2,0,2
2026-09-19T14:55:13.432035+00:00,2,10,0,0,2,0,2
2026-09-19T14:56:11.949143+00:00,6,12,0,1,4,0,5
2026-09-19T14:57:11.988032+00:00,6,12,0,1,4,0,5
2026-09-19T14:58:12.687707+00:00,6,12,0,1,4,0,5
2026-09-19T14:59:12.420450+00:00,9,14,0,1,4,1,6
2026-09-19T15:00:14.813426+00:00,9,14,0,1,4,1,6
2026-09-19T15:01:12.706623+00:00,9,14,0,1,4,1,6
2026-09-19T15:02:12.969653+00:00,3,14,0,0,1,2,3
2026-09-19T15:03:13.436879+00:00,3,14,0,0,1,2,3
2026-09-19T15:04:11.795433+00:00,3,14,0,0,1,2,3
2026-09-19T15:05:14.697158+00:00,2,14,0,0,2,0,2
2026-09-19T15:06:12.316343+00:00,2,14,0,0,2,0,2
2026-09-19T15:07:12.286654+00:00,2,14,0,0,2,0,2
2026-09-19T15:08:12.552249+00:00,3,14,0,1,1,0,2
2026-09-19T15:09:12.746710+00:00,3,14,0,1,1,0,2
2026-09-19T15:10:14.538295+00:00,3,14,0,1,1,0,2
2026-09-19T15:11:12.238895+00:00,1,14,0,0,0,1,1
2026-09-19T15:12:13.106131+00:00,1,14,0,0,0,1,1
2026-09-19T15:13:13.586694+00:00,1,14,0,0,0,1,1
2026-09-19T15:14:12.704196+00:00,9,16,0,0,4,5,9
2026-09-19T15:15:16.886253+00:00,9,16,0,0,4,5,9
2026-09-19T15:16:13.156605+00:00,9,16,0,0,4,5,9
2026-09-19T15:17:12.653698+00:00,4,16,0,1,2,1,4
2026-09-19T15:18:13.196434+00:00,4,16,0,1,2,1,4
2026-09-19T15:19:12.482372+00:00,4,16,0,1,2,1,4
2026-09-19T15:20:14.746754+00:00,2,16,0,0,1,1,2
2026-09-19T15:21:11.737828+00:00,2,16,0,0,1,1,2
2026-09-19T15:22:12.200340+00:00,2,16,0,0,1,1,2
2026-09-19T15:23:12.665325+00:00,2,16,0,0,1,1,2
2026-09-19T15:24:13.075200+00:00,2,16,0,0,1,1,2
2026-09-19T15:25:13.963001+00:00,2,16,0,0,1,1,2
2026-09-19T15:26:11.648636+00:00,2,16,0,0,1,1,2
2026-09-19T15:27:12.884851+00:00,3,16,0,0,1,2,3
2026-09-19T15:28:11.886156+00:00,3,16,0,0,1,2,3
2026-09-19T15:29:11.721417+00:00,3,16,0,0,1,2,3
2026-09-19T15:30:15.667128+00:00,7,17,0,1,3,3,7
2026-09-19T15:31:12.629489+00:00,7,17,0,1,3,3,7
2026-09-19T15:32:12.660660+00:00,9,19,0,2,4,3,9
2026-09-19T15:33:11.977460+00:00,9,19,0,2,4,3,9
2026-09-19T15:34:16.511542+00:00,9,19,0,2,4,3,9
2026-09-19T15:35:14.297755+00:00,11,22,0,1,6,4,11
2026-09-19T15:36:12.530580+00:00,11,22,0,1,6,4,11
2026-09-19T15:37:13.307943+00:00,11,22,0,1,6,4,11
2026-09-19T15:38:13.119373+00:00,15,25,0,5,5,5,15
2026-09-19T15:39:12.566905+00:00,15,25,0,5,5,5,15
2026-09-19T15:40:14.990277+00:00,15,25,0,5,5,5,15
2026-09-19T15:41:13.029017+00:00,11,25,0,7,3,1,11
2026-09-19T15:42:12.356567+00:00,11,25,0,7,3,1,11
2026-09-19T15:43:12.626207+00:00,11,25,0,7,3,1,11
2026-09-19T15:44:12.531090+00:00,22,34,0,7,6,9,22
2026-09-19T15:45:18.392080+00:00,22,34,0,7,6,9,22
2026-09-19T15:46:12.559018+00:00,22,34,0,7,6,9,22
2026-09-19T15:47:12.568076+00:00,14,35,0,6,4,4,14
2026-09-19T15:48:12.911274+00:00,14,35,0,6,4,4,14
2026-09-19T15:49:11.529462+00:00,14,35,0,6,4,4,14
2026-09-19T15:50:14.180201+00:00,22,35,0,8,7,7,22
2026-09-19T15:51:12.282069+00:00,22,35,0,8,7,7,22
2026-09-19T15:52:11.517749+00:00,22,35,0,8,7,7,22
2026-09-19T15:53:11.601175+00:00,20,35,0,6,7,6,19
2026-09-19T15:54:12.208166+00:00,20,35,0,6,7,6,19
2026-09-19T15:55:12.644188+00:00,20,35,0,6,7,6,19
2026-09-19T15:56:10.966319+00:00,15,35,0,4,3,6,13
2026-09-19T15:57:12.311612+00:00,15,35,0,4,3,6,13
2026-09-19T15:58:12.200903+00:00,15,35,0,4,3,6,13
2026-09-19T15:59:12.042429+00:00,15,35,0,5,4,4,13
2026-09-19T16:00:17.781178+00:00,15,35,0,5,4,4,13
2026-09-19T16:01:12.504717+00:00,15,35,0,5,4,4,13
2026-09-19T16:02:12.982417+00:00,18,36,0,6,7,5,18
2026-09-19T16:03:12.428039+00:00,18,36,0,6,7,5,18
2026-09-19T16:04:13.267871+00:00,18,36,0,6,7,5,18
2026-09-19T16:05:15.216499+00:00,12,39,0,4,3,5,12
2026-09-19T16:06:12.406743+00:00,12,39,0,4,3,5,12
2026-09-19T16:07:13.062764+00:00,12,39,0,4,3,5,12
2026-09-19T16:08:13.177711+00:00,17,39,0,4,7,6,17
2026-09-19T16:09:13.414731+00:00,17,39,0,4,7,6,17
2026-09-19T16:10:14.705197+00:00,17,39,0,4,7,6,17
2026-09-19T16:11:11.954735+00:00,18,39,0,6,6,6,18
2026-09-19T16:12:13.118947+00:00,18,39,0,6,6,6,18
2026-09-19T16:13:14.192700+00:00,18,39,0,6,6,6,18
2026-09-19T16:14:12.385587+00:00,17,40,0,7,5,4,16
2026-09-19T16:15:18.638612+00:00,17,40,0,7,5,4,16
2026-09-19T16:16:11.779392+00:00,17,40,0,7,5,4,16
2026-09-19T16:17:13.171047+00:00,17,40,0,7,5,4,16
2026-09-19T16:18:12.304120+00:00,21,40,0,9,5,6,20
2026-09-19T16:19:13.509722+00:00,21,40,0,9,5,6,20
2026-09-19T16:20:13.909670+00:00,21,41,0,8,7,6,21
2026-09-19T16:21:11.929207+00:00,21,41,0,8,7,6,21
2026-09-19T16:22:11.318679+00:00,21,41,0,8,7,6,21
2026-09-19T16:23:13.075456+00:00,21,41,0,8,7,6,21
2026-09-19T16:24:12.194955+00:00,15,42,0,5,4,6,15
2026-09-19T16:25:13.423958+00:00,15,42,0,5,4,6,15
2026-09-19T16:26:11.926353+00:00,15,42,0,7,3,5,15
2026-09-19T16:27:11.398435+00:00,15,42,0,7,3,5,15
2026-09-19T16:28:12.796876+00:00,15,42,0,7,3,5,15
2026-09-19T16:29:12.856616+00:00,19,42,0,6,6,5,17
2026-09-19T16:30:16.265558+00:00,19,42,0,6,6,5,17
2026-09-19T16:31:12.672742+00:00,19,42,0,6,6,5,17
2026-09-19T16:32:17.607638+00:00,20,44,0,7,6,7,20
2026-09-19T16:33:12.528506+00:00,20,44,0,7,6,7,20
2026-09-19T16:34:13.798838+00:00,20,44,0,7,6,7,20
2026-09-19T16:35:13.999349+00:00,15,44,0,5,6,4,15
2026-09-19T16:36:12.898002+00:00,15,44,0,5,6,4,15
2026-09-19T16:37:12.023805+00:00,15,44,0,5,6,4,15
2026-09-19T16:38:12.515619+00:00,15,44,0,5,5,5,15
2026-09-19T16:39:11.909996+00:00,15,44,0,5,5,5,15
2026-09-19T16:40:13.969042+00:00,15,44,0,5,5,5,15
2026-09-19T16:41:11.548655+00:00,18,44,0,7,4,6,17
2026-09-19T16:42:12.355354+00:00,18,44,0,7,4,6,17
2026-09-19T16:43:13.248236+00:00,18,44,0,7,4,6,17
2026-09-19T16:44:13.125713+00:00,16,44,0,6,5,5,16
2026-09-19T16:45:18.179893+00:00,16,44,0,6,5,5,16
2026-09-19T16:46:11.196649+00:00,16,44,0,6,5,5,16
2026-09-19T16:47:12.336247+00:00,15,44,0,5,4,5,14
2026-09-19T16:48:12.860320+00:00,15,44,0,5,4,5,14
2026-09-19T16:49:12.327798+00:00,15,44,0,5,4,5,14
2026-09-19T16:50:14.322012+00:00,16,44,0,7,3,6,16
2026-09-19T16:51:11.291727+00:00,16,44,0,7,3,6,16
2026-09-19T16:52:11.818731+00:00,16,44,0,7,3,6,16
2026-09-19T16:53:12.293990+00:00,22,47,0,7,5,9,21
2026-09-19T16:54:12.039737+00:00,22,47,0,7,5,9,21
2026-09-19T16:55:13.859735+00:00,22,47,0,7,5,9,21
2026-09-19T16:56:11.837332+00:00,22,47,0,7,5,9,21
2026-09-19T16:57:11.968687+00:00,17,48,0,7,6,4,17
2026-09-19T16:58:11.026477+00:00,17,48,0,7,6,4,17
2026-09-19T16:59:11.850834+00:00,17,48,0,7,6,4,17
2026-09-19T17:00:18.750044+00:00,23,50,3,5,6,7,21
2026-09-19T17:01:13.909869+00:00,23,50,3,5,6,7,21
2026-09-19T17:02:12.663849+00:00,19,51,4,6,4,5,19
2026-09-19T17:03:12.864202+00:00,19,51,4,6,4,5,19
2026-09-19T17:04:13.498079+00:00,19,51,4,6,4,5,19
2026-09-19T17:05:13.846306+00:00,17,51,4,4,4,4,16
2026-09-19T17:06:12.540579+00:00,17,51,4,4,4,4,16
2026-09-19T17:07:13.130650+00:00,17,51,4,4,4,4,16
2026-09-19T17:08:12.339218+00:00,18,51,4,5,6,3,18
2026-09-19T17:09:13.026996+00:00,18,51,4,5,6,3,18
2026-09-19T17:10:13.284668+00:00,18,51,4,5,6,3,18
2026-09-19T17:11:12.808463+00:00,19,52,4,4,5,6,19
2026-09-19T17:12:11.956128+00:00,19,52,4,4,5,6,19
2026-09-19T17:13:12.639232+00:00,19,52,4,4,5,6,19
2026-09-19T17:14:12.718230+00:00,20,52,6,5,3,6,20
2026-09-19T17:15:17.908514+00:00,20,52,6,5,3,6,20
2026-09-19T17:16:11.982954+00:00,20,52,6,5,3,6,20
2026-09-19T17:17:12.226588+00:00,20,52,3,7,5,5,20
2026-09-19T17:18:12.374931+00:00,20,52,3,7,5,5,20
2026-09-19T17:19:12.294574+00:00,20,52,3,7,5,5,20
2026-09-19T17:20:13.447854+00:00,23,55,4,7,5,7,23
2026-09-19T17:21:11.339943+00:00,23,55,4,7,5,7,23
2026-09-19T17:22:11.587701+00:00,23,55,4,7,5,7,23
2026-09-19T17:23:12.756647+00:00,23,55,4,7,5,7,23
2026-09-19T17:24:12.097662+00:00,19,55,4,5,5,5,19
2026-09-19T17:25:14.167724+00:00,19,55,4,5,5,5,19
2026-09-19T17:26:11.951968+00:00,19,55,4,5,5,5,19
2026-09-19T17:27:12.554142+00:00,20,55,5,5,5,5,20
2026-09-19T17:28:12.483962+00:00,20,55,5,5,5,5,20
2026-09-19T17:29:12.312056+00:00,20,55,5,5,5,5,20
2026-09-19T17:30:16.548626+00:00,23,56,5,4,6,7,22
2026-09-19T17:31:12.221244+00:00,23,56,5,4,6,7,22
2026-09-19T17:32:12.566041+00:00,23,56,5,4,6,7,22
2026-09-19T17:33:11.760821+00:00,24,58,4,6,7,5,22
2026-09-19T17:34:12.334597+00:00,24,58,4,6,7,5,22
2026-09-19T17:35:14.230829+00:00,22,59,4,7,5,6,22
2026-09-19T17:36:12.525163+00:00,22,59,4,7,5,6,22
2026-09-19T17:37:11.775719+00:00,22,59,4,7,5,6,22
2026-09-19T17:38:12.804928+00:00,21,60,6,6,5,3,20
2026-09-19T17:39:12.289530+00:00,21,60,6,6,5,3,20
2026-09-19T17:40:14.098016+00:00,21,60,6,6,5,3,20
2026-09-19T17:41:11.822155+00:00,21,60,6,6,5,3,20
2026-09-19T17:42:12.790100+00:00,19,60,3,8,4,4,19
2026-09-19T17:43:12.730674+00:00,19,60,3,8,4,4,19
2026-09-19T17:44:12.930282+00:00,20,60,6,6,3,5,20
2026-09-19T17:45:18.846535+00:00,20,60,6,6,3,5,20
2026-09-19T17:46:12.370701+00:00,20,60,6,6,3,5,20
2026-09-19T17:47:12.675826+00:00,19,60,5,6,4,4,19
2026-09-19T17:48:13.085942+00:00,19,60,5,6,4,4,19
2026-09-19T17:49:12.775228+00:00,19,60,5,6,4,4,19
2026-09-19T17:50:13.915074+00:00,19,60,5,6,4,4,19
2026-09-19T17:51:13.049683+00:00,22,60,6,6,4,5,21
2026-09-19T17:52:12.281970+00:00,22,60,6,6,4,5,21
2026-09-19T17:53:12.121225+00:00,22,60,6,6,4,5,21
2026-09-19T17:54:11.895248+00:00,23,60,5,6,5,6,22
2026-09-19T17:55:13.841518+00:00,23,60,5,6,5,6,22
2026-09-19T17:56:11.837600+00:00,23,60,5,6,5,6,22
2026-09-19T17:57:12.012572+00:00,22,60,4,5,7,6,22
2026-09-19T17:58:11.959021+00:00,22,60,4,5,7,6,22
2026-09-19T17:59:12.830204+00:00,25,62,4,9,5,7,25
2026-09-19T18:00:22.201233+00:00,25,62,4,9,5,7,25
2026-09-19T18:01:12.965178+00:00,25,62,4,9,5,7,25
2026-09-19T18:02:11.324037+00:00,25,62,4,9,5,7,25
2026-09-19T18:03:12.609563+00:00,24,62,6,7,4,5,22
2026-09-19T18:04:12.860878+00:00,24,62,6,7,4,5,22
2026-09-19T18:05:14.622263+00:00,24,62,5,6,5,8,24
2026-09-19T18:06:12.613619+00:00,24,62,5,6,5,8,24
2026-09-19T18:07:12.213916+00:00,24,62,5,6,5,8,24
2026-09-19T18:08:12.477227+00:00,24,62,5,6,5,8,24
2026-09-19T18:09:13.168649+00:00,20,62,2,6,5,6,19
2026-09-19T18:10:15.074878+00:00,20,62,2,6,5,6,19
2026-09-19T18:11:12.909992+00:00,27,64,6,7,6,8,27
2026-09-19T18:12:12.307879+00:00,27,64,6,7,6,8,27
2026-09-19T18:13:12.339314+00:00,27,64,6,7,6,8,27
2026-09-19T18:14:11.926892+00:00,27,64,6,7,6,8,27
2026-09-19T18:15:17.058297+00:00,21,65,3,6,5,7,21
2026-09-19T18:16:13.451848+00:00,21,65,3,6,5,7,21
2026-09-19T18:17:12.567122+00:00,22,65,4,7,6,5,22
2026-09-19T18:18:12.818011+00:00,22,65,4,7,6,5,22
2026-09-19T18:19:12.594906+00:00,22,65,4,7,6,5,22
2026-09-19T18:20:15.331006+00:00,21,66,5,5,6,5,21
2026-09-19T18:21:12.009742+00:00,21,66,5,5,6,5,21
2026-09-19T18:22:14.008475+00:00,21,66,5,5,6,5,21
2026-09-19T18:23:11.499260+00:00,21,66,5,5,6,5,21
2026-09-19T18:24:12.525973+00:00,25,67,5,6,8,6,25
2026-09-19T18:26:11.161146+00:00,25,67,5,6,8,6,25
2026-09-19T18:27:13.768973+00:00,25,69,6,7,3,7,23
2026-09-19T18:28:12.435792+00:00,25,69,6,7,3,7,23
2026-09-19T18:29:12.686966+00:00,18,70,6,7,1,3,17
2026-09-19T18:30:14.340723+00:00,18,70,6,7,1,3,17
2026-09-19T18:31:13.666883+00:00,18,70,6,7,1,3,17
2026-09-19T18:32:12.669503+00:00,22,70,4,6,7,5,22
2026-09-19T18:33:12.001458+00:00,22,70,4,6,7,5,22
2026-09-19T18:34:11.952702+00:00,22,70,4,6,7,5,22
2026-09-19T18:35:15.285938+00:00,23,70,2,8,5,7,22
2026-09-19T18:36:12.565644+00:00,23,70,2,8,5,7,22
2026-09-19T18:37:13.253834+00:00,23,70,2,8,5,7,22
2026-09-19T18:38:12.770627+00:00,18,70,1,5,6,6,18
2026-09-19T18:39:12.792384+00:00,18,70,1,5,6,6,18
2026-09-19T18:40:14.237104+00:00,18,70,1,5,6,6,18
2026-09-19T18:41:12.355377+00:00,19,70,0,2,7,9,18
2026-09-19T18:42:12.512938+00:00,19,70,0,2,7,9,18
2026-09-19T18:43:12.203084+00:00,19,70,0,2,7,9,18
2026-09-19T18:44:12.735822+00:00,11,70,0,1,5,4,10
2026-09-19T18:45:18.325364+00:00,11,70,0,1,5,4,10
2026-09-19T18:46:13.476632+00:00,11,70,0,1,5,4,10
2026-09-19T18:47:12.190243+00:00,11,70,0,1,5,4,10
2026-09-19T18:48:13.280421+00:00,13,73,0,5,4,3,12
2026-09-19T18:49:12.925427+00:00,13,73,0,5,4,3,12
2026-09-19T18:50:14.537745+00:00,14,73,0,4,4,6,14
2026-09-19T18:51:11.633091+00:00,14,73,0,4,4,6,14
2026-09-19T18:52:11.797603+00:00,14,73,0,4,4,6,14
2026-09-19T18:53:12.506797+00:00,14,73,0,4,4,6,14
2026-09-19T18:54:12.593400+00:00,12,73,0,1,3,8,12
2026-09-19T18:55:13.880153+00:00,12,73,0,1,3,8,12
2026-09-19T18:56:12.410981+00:00,12,73,0,1,3,8,12
2026-09-19T18:57:13.186376+00:00,16,73,0,3,6,7,16
2026-09-19T18:58:12.463748+00:00,16,73,0,3,6,7,16
2026-09-19T18:59:12.063917+00:00,16,73,0,3,6,7,16
2026-09-19T19:00:19.525010+00:00,21,76,0,4,7,8,19
2026-09-19T19:01:12.955609+00:00,21,76,0,4,7,8,19
2026-09-19T19:02:12.505969+00:00,18,76,0,5,5,8,18
2026-09-19T19:03:14.390455+00:00,18,76,0,5,5,8,18
2026-09-19T19:04:11.960665+00:00,18,76,0,5,5,8,18
2026-09-19T19:06:12.530465+00:00,17,76,0,7,5,5,17
2026-09-19T19:07:13.147936+00:00,17,76,0,7,5,5,17
2026-09-19T19:08:12.716688+00:00,17,76,0,7,5,5,17
2026-09-19T19:09:12.521039+00:00,18,76,0,6,5,7,18
2026-09-19T19:10:14.846593+00:00,18,76,0,6,5,7,18
2026-09-19T19:11:12.417654+00:00,18,76,0,6,5,7,18
2026-09-19T19:12:12.124713+00:00,15,77,0,6,4,5,15
2026-09-19T19:13:11.763998+00:00,15,77,0,6,4,5,15
2026-09-19T19:14:11.918638+00:00,15,77,0,6,4,5,15
2026-09-19T19:15:17.010389+00:00,20,79,0,6,7,7,20
2026-09-19T19:16:12.628428+00:00,20,79,0,6,7,7,20
2026-09-19T19:17:11.385505+00:00,20,79,0,6,7,7,20
2026-09-19T19:18:13.161463+00:00,19,80,0,5,6,7,18
2026-09-19T19:19:12.210619+00:00,19,80,0,5,6,7,18
2026-09-19T19:20:14.455786+00:00,16,80,0,5,6,4,15
2026-09-19T19:21:11.974573+00:00,16,80,0,5,6,4,15
2026-09-19T19:22:11.623616+00:00,16,80,0,5,6,4,15
2026-09-19T19:23:12.637575+00:00,16,80,0,5,6,4,15
2026-09-19T19:24:12.183304+00:00,15,81,0,6,6,3,15
2026-09-19T19:25:14.387918+00:00,15,81,0,6,6,3,15
2026-09-19T19:26:12.024003+00:00,15,81,0,6,6,3,15
2026-09-19T19:27:12.256009+00:00,20,82,0,7,5,8,20
2026-09-19T19:28:12.780674+00:00,20,82,0,7,5,8,20
2026-09-19T19:29:12.832770+00:00,20,82,0,7,5,8,20
2026-09-19T19:30:17.598041+00:00,24,84,0,11,6,7,24
2026-09-19T19:31:14.662689+00:00,24,84,0,11,6,7,24
2026-09-19T19:32:12.436128+00:00,24,84,0,11,6,7,24
2026-09-19T19:33:12.465612+00:00,25,85,0,9,8,8,25
2026-09-19T19:34:12.181774+00:00,25,85,0,9,8,8,25
2026-09-19T19:35:13.917684+00:00,25,85,0,9,8,8,25
2026-09-19T19:36:12.049600+00:00,18,87,0,7,5,6,18
2026-09-19T19:37:12.926796+00:00,18,87,0,7,5,6,18
2026-09-19T19:38:12.328048+00:00,18,87,0,7,5,6,18
2026-09-19T19:39:11.947662+00:00,23,89,0,8,7,8,23
2026-09-19T19:40:14.389593+00:00,23,89,0,8,7,8,23
2026-09-19T19:41:12.335181+00:00,23,89,0,8,7,8,23
2026-09-19T19:42:12.497576+00:00,16,89,0,5,6,4,15
2026-09-19T19:43:12.539502+00:00,16,89,0,5,6,4,15
2026-09-19T19:44:12.377673+00:00,16,89,0,5,6,4,15
2026-09-19T19:45:18.672231+00:00,18,89,0,7,5,6,18
2026-09-19T19:46:13.290842+00:00,18,89,0,7,5,6,18
2026-09-19T19:47:12.076122+00:00,18,89,0,7,5,6,18
2026-09-19T19:48:12.367499+00:00,16,89,0,6,4,5,15
2026-09-19T19:49:12.197305+00:00,16,89,0,6,4,5,15
2026-09-19T19:50:15.028809+00:00,17,89,0,6,5,5,16
2026-09-19T19:51:12.696850+00:00,17,89,0,6,5,5,16
2026-09-19T19:52:12.037473+00:00,17,89,0,6,5,5,16
2026-09-19T19:53:11.987258+00:00,17,89,0,6,5,5,16
2026-09-19T19:54:11.285927+00:00,21,91,0,6,6,8,20
2026-09-19T19:55:14.670493+00:00,21,91,0,6,6,8,20
2026-09-19T19:56:12.321706+00:00,21,91,0,6,6,8,20
2026-09-19T19:57:11.881738+00:00,17,91,0,7,5,5,17
2026-09-19T19:58:12.469852+00:00,17,91,0,7,5,5,17
2026-09-19T19:59:11.993688+00:00,17,91,0,7,5,5,17
2026-09-19T20:00:18.943922+00:00,19,92,0,8,5,6,19
2026-09-19T20:01:13.201610+00:00,19,92,0,8,5,6,19
2026-09-19T20:02:11.923199+00:00,19,92,0,8,5,6,19
2026-09-19T20:03:13.682460+00:00,21,94,0,9,4,8,21
2026-09-19T20:04:12.681213+00:00,21,94,0,9,4,8,21
2026-09-19T20:05:15.225093+00:00,17,94,0,6,5,6,17
2026-09-19T20:06:11.919068+00:00,17,94,0,6,5,6,17
2026-09-19T20:07:12.525433+00:00,17,94,0,6,5,6,17
2026-09-19T20:08:12.860258+00:00,17,94,0,6,5,6,17
2026-09-19T20:09:12.645436+00:00,22,96,0,6,7,6,19
2026-09-19T20:10:15.200743+00:00,22,96,0,6,7,6,19
2026-09-19T20:11:12.653371+00:00,22,96,0,6,7,6,19
2026-09-19T20:12:11.894061+00:00,15,96,0,5,5,5,15
2026-09-19T20:13:14.186973+00:00,15,96,0,5,5,5,15
2026-09-19T20:14:14.225034+00:00,15,96,0,5,5,5,15
2026-09-19T20:15:17.501387+00:00,18,96,0,7,1,7,15
2026-09-19T20:16:14.748369+00:00,18,96,0,7,1,7,15
2026-09-19T20:17:12.488750+00:00,18,96,0,7,1,7,15
2026-09-19T20:18:12.755746+00:00,16,97,0,6,4,6,16
2026-09-19T20:19:13.556781+00:00,16,97,0,6,4,6,16
2026-09-19T20:20:14.661083+00:00,22,97,0,9,6,7,22
2026-09-19T20:21:12.140886+00:00,22,97,0,9,6,7,22
2026-09-19T20:22:12.570984+00:00,22,97,0,9,6,7,22
2026-09-19T20:23:12.325747+00:00,22,97,0,9,6,7,22
2026-09-19T20:24:12.966633+00:00,24,101,0,7,7,8,22
2026-09-19T20:25:14.930137+00:00,24,101,0,7,7,8,22
2026-09-19T20:26:12.194525+00:00,24,101,0,7,7,8,22
2026-09-19T20:27:11.555244+00:00,14,101,0,4,6,4,14
2026-09-19T20:28:12.517096+00:00,14,101,0,4,6,4,14
2026-09-19T20:29:13.572787+00:00,14,101,0,4,6,4,14
2026-09-19T20:30:18.327025+00:00,18,102,0,5,6,6,17
2026-09-19T20:31:15.072188+00:00,18,102,0,5,6,6,17
2026-09-19T20:32:13.149582+00:00,18,102,0,5,6,6,17
2026-09-19T20:33:12.800110+00:00,17,103,0,7,4,6,17
2026-09-19T20:34:12.565501+00:00,17,103,0,7,4,6,17
2026-09-19T20:35:14.997213+00:00,26,105,0,8,8,8,24
2026-09-19T20:36:12.867976+00:00,26,105,0,8,8,8,24
2026-09-19T20:37:12.333922+00:00,26,105,0,8,8,8,24
2026-09-19T20:38:11.912383+00:00,26,105,0,8,8,8,24
2026-09-19T20:39:12.132751+00:00,17,105,0,5,5,6,16
2026-09-19T20:40:14.471252+00:00,17,105,0,5,5,6,16
2026-09-19T20:41:11.895786+00:00,17,105,0,5,5,6,16
2026-09-19T20:42:13.054093+00:00,19,105,0,7,6,6,19
2026-09-19T20:43:12.809641+00:00,19,105,0,7,6,6,19
2026-09-19T20:44:12.146837+00:00,19,105,0,7,6,6,19
2026-09-19T20:45:17.685177+00:00,17,105,0,6,5,6,17
2026-09-19T20:46:13.597633+00:00,17,105,0,6,5,6,17
2026-09-19T20:47:13.820216+00:00,17,105,0,6,5,6,17
2026-09-19T20:48:11.874650+00:00,19,105,0,5,7,6,18
2026-09-19T20:49:12.987520+00:00,19,105,0,5,7,6,18
2026-09-19T20:50:14.461709+00:00,20,105,0,6,6,7,19
2026-09-19T20:51:11.767060+00:00,20,105,0,6,6,7,19
2026-09-19T20:52:11.843296+00:00,20,105,0,6,6,7,19
2026-09-19T20:53:12.556739+00:00,20,105,0,6,6,7,19
2026-09-19T20:54:13.416590+00:00,24,108,0,9,6,8,23
2026-09-19T20:55:15.142139+00:00,24,108,0,9,6,8,23
2026-09-19T20:56:12.867496+00:00,24,108,0,9,6,8,23
2026-09-19T20:57:12.689479+00:00,16,108,0,7,4,5,16
2026-09-19T20:58:13.271960+00:00,16,108,0,7,4,5,16
2026-09-19T20:59:11.900962+00:00,16,108,0,7,4,5,16
2026-09-19T21:00:18.442404+00:00,19,109,1,6,7,5,19
2026-09-19T21:01:11.489523+00:00,19,109,1,6,7,5,19
2026-09-19T21:02:11.986554+00:00,19,109,1,6,7,5,19
2026-09-19T21:03:13.621756+00:00,23,114,3,6,7,5,21
2026-09-19T21:04:12.086688+00:00,23,114,3,6,7,5,21
2026-09-19T21:05:15.131661+00:00,19,114,0,6,5,8,19
2026-09-19T21:06:11.988374+00:00,19,114,0,6,5,8,19
2026-09-19T21:07:12.869531+00:00,19,114,0,6,5,8,19
2026-09-19T21:08:13.163106+00:00,19,114,0,6,5,8,19
2026-09-19T21:09:12.344627+00:00,20,114,0,8,7,5,20
2026-09-19T21:10:14.573189+00:00,20,114,0,8,7,5,20
2026-09-19T21:11:12.285371+00:00,20,114,0,8,7,5,20
2026-09-19T21:12:12.788978+00:00,20,115,0,9,5,5,19
2026-09-19T21:13:13.010111+00:00,20,115,0,9,5,5,19
2026-09-19T21:14:13.094076+00:00,20,115,0,9,5,5,19
2026-09-19T21:15:17.689624+00:00,21,115,0,7,6,7,20
2026-09-19T21:16:13.548553+00:00,21,115,0,7,6,7,20
2026-09-19T21:17:11.557359+00:00,21,115,0,7,6,7,20
2026-09-19T21:18:12.625253+00:00,18,116,0,8,5,5,18
2026-09-19T21:19:12.698651+00:00,18,116,0,8,5,5,18
2026-09-19T21:20:14.544340+00:00,19,116,0,7,6,6,19
2026-09-19T21:21:12.773184+00:00,19,116,0,7,6,6,19
2026-09-19T21:22:11.892045+00:00,19,116,0,7,6,6,19
2026-09-19T21:23:12.757002+00:00,19,116,0,7,6,6,19
2026-09-19T21:24:12.561284+00:00,15,116,0,5,4,6,15
2026-09-19T21:25:14.135096+00:00,15,116,0,5,4,6,15
2026-09-19T21:26:12.530987+00:00,15,116,0,5,4,6,15
2026-09-19T21:27:11.407850+00:00,18,116,0,7,7,4,18
2026-09-19T21:28:12.305350+00:00,18,116,0,7,7,4,18
2026-09-19T21:29:12.309191+00:00,18,116,0,7,7,4,18
2026-09-19T21:30:15.100127+00:00,19,116,0,8,6,5,19
2026-09-19T21:31:12.553988+00:00,19,116,0,8,6,5,19
2026-09-19T21:32:13.766715+00:00,19,116,0,8,6,5,19
2026-09-19T21:33:13.012008+00:00,20,116,0,9,6,4,19
2026-09-19T21:34:12.044587+00:00,20,116,0,9,6,4,19
2026-09-19T21:35:14.929786+00:00,19,117,0,5,7,7,19
2026-09-19T21:36:13.006048+00:00,19,117,0,5,7,7,19
2026-09-19T21:37:13.050791+00:00,19,117,0,5,7,7,19
2026-09-19T21:38:11.779272+00:00,19,117,0,5,7,7,19
2026-09-19T21:39:12.822036+00:00,18,119,0,8,5,4,17
2026-09-19T21:40:14.194300+00:00,18,119,0,8,5,4,17
2026-09-19T21:41:12.714265+00:00,18,119,0,8,5,4,17
2026-09-19T21:42:12.317242+00:00,19,119,0,6,7,6,19
2026-09-19T21:43:12.449392+00:00,19,119,0,6,7,6,19
2026-09-19T21:44:12.923840+00:00,19,119,0,6,7,6,19
2026-09-19T21:45:15.758249+00:00,19,119,0,5,7,7,19
2026-09-19T21:46:12.667854+00:00,19,119,0,5,7,7,19
2026-09-19T21:47:12.002709+00:00,19,119,0,5,7,7,19
2026-09-19T21:48:11.924440+00:00,20,119,0,7,6,7,20
2026-09-19T21:49:12.366091+00:00,20,119,0,7,6,7,20
2026-09-19T21:50:14.651317+00:00,19,119,0,4,7,8,19
2026-09-19T21:51:11.118032+00:00,19,119,0,4,7,8,19
2026-09-19T21:52:12.060154+00:00,19,119,0,4,7,8,19
2026-09-19T21:53:13.230927+00:00,19,119,0,4,7,8,19
2026-09-19T21:54:13.150003+00:00,21,121,0,6,6,9,21
2026-09-19T21:55:12.769874+00:00,21,121,0,6,6,9,21
2026-09-19T21:56:11.816518+00:00,21,121,0,6,6,9,21
2026-09-19T21:57:11.830292+00:00,22,121,0,6,9,6,21
2026-09-19T21:58:11.345501+00:00,22,121,0,6,9,6,21
2026-09-19T21:59:12.521346+00:00,22,121,0,6,9,6,21
2026-09-19T22:00:19.849778+00:00,25,125,0,9,7,9,25
2026-09-19T22:01:12.684393+00:00,25,125,0,9,7,9,25
2026-09-19T22:02:13.154834+00:00,25,125,0,9,7,9,25
2026-09-19T22:03:13.853414+00:00,18,127,0,7,4,7,18
2026-09-19T22:04:13.669994+00:00,18,127,0,7,4,7,18
2026-09-19T22:05:15.309989+00:00,21,128,0,7,7,7,21
2026-09-19T22:06:12.350549+00:00,21,128,0,7,7,7,21
2026-09-19T22:07:13.000629+00:00,21,128,0,7,7,7,21
2026-09-19T22:08:13.561681+00:00,21,128,0,7,7,7,21
2026-09-19T22:09:13.654679+00:00,16,128,0,4,5,7,16
2026-09-19T22:10:14.644792+00:00,16,128,0,4,5,7,16
2026-09-19T22:11:11.691430+00:00,16,128,0,4,5,7,16
2026-09-19T22:12:13.570666+00:00,18,128,0,5,6,7,18
2026-09-19T22:13:13.322695+00:00,18,128,0,5,6,7,18
2026-09-19T22:14:12.957608+00:00,18,128,0,5,6,7,18
2026-09-19T22:15:17.872788+00:00,17,128,0,3,6,8,17
2026-09-19T22:16:17.546778+00:00,17,128,0,3,6,8,17
2026-09-19T22:17:12.465253+00:00,17,128,0,3,6,8,17
2026-09-19T22:18:12.030829+00:00,17,128,0,3,6,8,17
2026-09-19T22:19:12.118921+00:00,17,128,0,3,6,8,17
2026-09-19T22:20:15.287210+00:00,17,128,0,3,6,8,17
2026-09-19T22:21:11.709061+00:00,11,128,0,0,4,6,10
2026-09-19T22:22:12.727655+00:00,11,128,0,0,4,6,10
2026-09-19T22:23:12.947706+00:00,11,128,0,0,4,6,10
2026-09-19T22:24:12.095688+00:00,12,128,0,0,6,6,12
2026-09-19T22:25:15.578022+00:00,12,128,0,0,6,6,12
2026-09-19T22:26:12.056009+00:00,12,128,0,0,6,6,12
2026-09-19T22:27:15.310049+00:00,13,128,0,0,8,5,13
2026-09-19T22:28:12.855409+00:00,13,128,0,0,8,5,13
2026-09-19T22:29:13.034287+00:00,13,128,0,0,8,5,13
2026-09-19T22:30:18.356050+00:00,17,128,0,2,10,5,17
2026-09-19T22:31:13.111257+00:00,17,128,0,2,10,5,17
2026-09-19T22:32:12.441393+00:00,17,128,0,2,10,5,17
2026-09-19T22:33:14.751547+00:00,17,129,0,7,4,6,17
2026-09-19T22:34:12.609912+00:00,17,129,0,7,4,6,17
2026-09-19T22:35:15.831082+00:00,17,132,0,6,7,4,17
2026-09-19T22:36:11.919039+00:00,17,132,0,6,7,4,17
2026-09-19T22:37:12.508800+00:00,17,132,0,6,7,4,17
2026-09-19T22:38:12.619864+00:00,17,132,0,6,7,4,17
2026-09-19T22:39:12.965049+00:00,16,132,0,4,5,7,16
2026-09-19T22:41:12.232405+00:00,16,132,0,4,5,7,16
2026-09-19T22:42:12.499909+00:00,20,133,0,8,7,5,20
2026-09-19T22:43:12.845628+00:00,20,133,0,8,7,5,20
2026-09-19T22:44:11.686882+00:00,20,133,0,8,7,5,20
2026-09-19T22:45:18.787098+00:00,12,133,0,3,4,3,10
2026-09-19T22:46:14.882057+00:00,12,133,0,3,4,3,10
2026-09-19T22:47:12.848967+00:00,12,133,0,3,4,3,10
2026-09-19T22:48:12.127645+00:00,11,133,0,1,7,3,11
2026-09-19T22:49:12.484739+00:00,11,133,0,1,7,3,11
2026-09-19T22:50:13.516614+00:00,11,133,0,1,7,3,11
2026-09-19T22:51:12.484182+00:00,11,133,0,1,7,3,11
2026-09-19T22:52:12.173814+00:00,11,133,0,1,7,3,11
2026-09-19T22:53:12.915194+00:00,11,133,0,1,7,3,11
2026-09-19T22:54:12.157618+00:00,7,133,0,2,3,2,7
2026-09-19T22:55:15.064865+00:00,7,133,0,2,3,2,7
2026-09-19T22:56:12.291433+00:00,7,133,0,2,3,2,7
2026-09-19T22:57:12.402570+00:00,5,133,0,0,4,1,5
2026-09-19T22:58:12.936704+00:00,5,133,0,0,4,1,5
2026-09-19T22:59:11.632143+00:00,5,133,0,0,4,1,5
2026-09-19T23:00:15.913929+00:00,5,133,0,1,4,0,5
2026-09-19T23:01:16.778496+00:00,5,133,0,1,4,0,5
2026-09-19T23:02:15.227188+00:00,6,133,0,1,4,0,5
2026-09-19T23:03:14.083986+00:00,6,133,0,1,4,0,5
2026-09-19T23:04:13.157330+00:00,6,133,0,1,4,0,5
2026-09-19T23:05:15.713902+00:00,6,133,0,1,4,0,5
2026-09-19T23:06:12.540166+00:00,4,134,0,0,2,2,4
2026-09-19T23:07:12.769981+00:00,4,134,0,0,2,2,4
2026-09-19T23:08:12.545007+00:00,4,134,0,0,2,2,4
2026-09-19T23:09:13.562452+00:00,1,135,0,0,1,0,1
2026-09-19T23:10:14.019812+00:00,1,135,0,0,1,0,1
2026-09-19T23:11:12.919608+00:00,1,135,0,0,1,0,1
2026-09-19T23:12:11.778491+00:00,5,135,0,0,3,0,3
2026-09-19T23:13:13.351531+00:00,5,135,0,0,3,0,3
2026-09-19T23:14:12.470901+00:00,5,135,0,0,3,0,3
2026-09-19T23:15:18.078981+00:00,4,135,0,0,2,1,3
2026-09-19T23:16:17.627680+00:00,4,135,0,0,2,1,3
2026-09-19T23:17:12.514768+00:00,4,135,0,0,2,1,3
2026-09-19T23:18:11.762806+00:00,2,136,0,0,2,0,2
2026-09-19T23:19:12.024631+00:00,2,136,0,0,2,0,2
2026-09-19T23:20:13.388688+00:00,2,136,0,0,2,0,2
2026-09-19T23:21:11.900224+00:00,6,138,0,0,2,3,5
2026-09-19T23:22:11.448141+00:00,6,138,0,0,2,3,5
2026-09-19T23:23:12.012679+00:00,6,138,0,0,2,3,5
2026-09-19T23:24:11.621169+00:00,15,146,0,4,6,5,15
2026-09-19T23:25:13.023555+00:00,15,146,0,4,6,5,15
2026-09-19T23:26:12.133110+00:00,15,146,0,4,6,5,15
2026-09-19T23:27:11.361222+00:00,8,146,0,4,2,2,8
2026-09-19T23:28:12.656036+00:00,8,146,0,4,2,2,8
2026-09-19T23:29:10.964999+00:00,8,146,0,4,2,2,8
2026-09-19T23:30:15.800229+00:00,9,147,0,2,3,4,9
2026-09-19T23:31:18.486079+00:00,9,147,0,2,3,4,9
2026-09-19T23:32:12.596982+00:00,9,147,0,2,3,4,9
2026-09-19T23:33:12.236781+00:00,9,147,0,2,3,4,9
2026-09-19T23:34:16.513287+00:00,9,147,0,2,3,4,9
2026-09-19T23:35:14.553295+00:00,6,147,0,1,2,3,6
2026-09-19T23:36:12.795195+00:00,6,147,0,1,2,3,6
2026-09-19T23:37:11.939802+00:00,6,147,0,1,2,3,6
2026-09-19T23:38:12.551639+00:00,6,147,0,1,2,3,6
2026-09-19T23:39:11.737564+00:00,1,147,0,0,1,0,1
2026-09-19T23:40:14.560532+00:00,1,147,0,0,1,0,1
2026-09-19T23:41:11.580717+00:00,1,147,0,0,1,0,1
2026-09-19T23:42:11.289683+00:00,1,147,0,0,0,0,0
2026-09-19T23:43:12.555008+00:00,1,147,0,0,0,0,0
2026-09-19T23:44:12.367584+00:00,1,147,0,0,0,0,0
2026-09-19T23:45:14.709733+00:00,0,147,0,0,0,0,0
2026-09-19T23:46:17.788568+00:00,0,147,0,0,0,0,0
2026-09-19T23:47:12.025802+00:00,0,147,0,0,0,0,0
2026-09-19T23:48:12.623752+00:00,4,147,0,1,0,3,4
2026-09-19T23:49:11.505517+00:00,4,147,0,1,0,3,4
2026-09-19T23:50:13.593317+00:00,4,147,0,1,0,3,4
2026-09-19T23:51:11.545546+00:00,2,147,0,0,2,0,2
2026-09-19T23:52:11.157485+00:00,2,147,0,0,2,0,2
2026-09-19T23:53:12.827756+00:00,2,147,0,0,2,0,2
2026-09-19T23:54:12.762511+00:00,9,151,0,0,4,4,8
2026-09-19T23:55:14.942392+00:00,9,151,0,0,4,4,8
2026-09-19T23:56:13.886009+00:00,9,151,0,0,4,4,8
2026-09-19T23:57:12.640710+00:00,4,151,0,1,1,1,3
2026-09-19T23:58:12.308697+00:00,4,151,0,1,1,1,3
2026-09-19T23:59:12.033892+00:00,4,151,0,1,1,1,3
2026-09-20T00:00:23.519398+00:00,1,152,0,0,1,0,1
2026-09-20T00:01:18.146632+00:00,1,152,0,0,1,0,1
2026-09-20T00:02:12.791230+00:00,1,152,0,0,1,0,1
2026-09-20T00:03:13.194592+00:00,0,152,0,0,0,0,0
2026-09-20T00:04:12.960460+00:00,0,152,0,0,0,0,0
2026-09-20T00:05:14.309352+00:00,0,152,0,0,0,0,0
2026-09-20T00:06:12.155286+00:00,2,152,0,0,2,0,2
2026-09-20T00:07:12.756325+00:00,2,152,0,0,2,0,2
2026-09-20T00:08:11.620638+00:00,2,152,0,0,2,0,2
2026-09-20T00:09:11.930160+00:00,2,152,0,1,0,0,1
2026-09-20T00:10:14.061562+00:00,2,152,0,1,0,0,1
2026-09-20T00:11:14.292111+00:00,2,152,0,1,0,0,1
2026-09-20T00:12:11.873447+00:00,1,152,0,0,0,0,0
2026-09-20T00:13:12.602263+00:00,1,152,0,0,0,0,0
2026-09-20T00:14:12.721892+00:00,1,152,0,0,0,0,0
2026-09-20T00:15:17.221340+00:00,8,156,0,1,3,3,7
2026-09-20T00:16:18.280861+00:00,8,156,0,1,3,3,7
2026-09-20T00:17:11.573272+00:00,8,156,0,1,3,3,7
2026-09-20T00:18:12.945743+00:00,1,156,0,0,0,1,1
2026-09-20T00:19:12.397287+00:00,1,156,0,0,0,1,1
2026-09-20T00:20:15.146706+00:00,1,156,0,0,0,1,1
2026-09-20T00:21:11.839725+00:00,1,156,0,0,0,1,1
2026-09-20T00:22:11.905808+00:00,1,156,0,0,0,1,1
2026-09-20T00:23:12.845418+00:00,1,156,0,0,0,1,1
2026-09-20T00:24:11.665815+00:00,7,160,0,0,1,6,7
2026-09-20T00:25:13.354497+00:00,7,160,0,0,1,6,7
2026-09-20T00:26:12.131675+00:00,7,160,0,0,1,6,7
2026-09-20T00:27:12.870960+00:00,1,160,0,0,0,1,1
2026-09-20T00:28:12.213999+00:00,1,160,0,0,0,1,1
2026-09-20T00:29:12.825740+00:00,1,160,0,0,0,1,1
2026-09-20T00:30:17.096519+00:00,9,162,0,1,2,6,9
2026-09-20T00:31:19.359533+00:00,9,162,0,1,2,6,9
2026-09-20T00:32:11.875612+00:00,9,162,0,1,2,6,9
2026-09-20T00:33:13.326663+00:00,13,165,0,2,3,7,12
2026-09-20T00:34:12.996150+00:00,13,165,0,2,3,7,12
2026-09-20T00:35:14.837074+00:00,13,165,0,2,3,7,12
2026-09-20T00:36:11.905750+00:00,2,165,0,0,1,0,1
2026-09-20T00:37:12.381765+00:00,2,165,0,0,1,0,1
2026-09-20T00:38:12.916493+00:00,2,165,0,0,1,0,1
2026-09-20T00:39:12.900845+00:00,0,165,0,0,0,0,0
2026-09-20T00:40:15.229196+00:00,0,165,0,0,0,0,0
2026-09-20T00:41:11.752393+00:00,0,165,0,0,0,0,0
2026-09-20T00:42:11.761433+00:00,2,165,0,0,0,0,0
2026-09-20T00:43:12.483463+00:00,2,165,0,0,0,0,0
2026-09-20T00:44:11.752487+00:00,2,165,0,0,0,0,0
2026-09-20T00:46:18.071808+00:00,0,165,0,0,0,0,0
2026-09-20T00:47:13.537501+00:00,0,165,0,0,0,0,0
2026-09-20T00:48:12.372175+00:00,0,165,0,0,0,0,0
2026-09-20T00:49:11.327589+00:00,0,165,0,0,0,0,0
2026-09-20T00:50:15.339438+00:00,3,165,0,0,2,0,2
2026-09-20T00:51:11.865258+00:00,3,165,0,0,2,0,2
2026-09-20T00:52:12.174401+00:00,3,165,0,0,2,0,2
2026-09-20T00:53:11.301481+00:00,3,165,0,0,2,0,2
2026-09-20T00:54:12.177533+00:00,10,172,0,0,5,3,8
2026-09-20T00:55:14.848410+00:00,10,172,0,0,5,3,8
2026-09-20T00:56:12.585605+00:00,10,172,0,0,5,3,8
2026-09-20T00:57:11.638869+00:00,3,173,0,1,1,1,3
2026-09-20T00:58:13.301246+00:00,3,173,0,1,1,1,3
2026-09-20T00:59:11.987267+00:00,3,173,0,1,1,1,3
2026-09-20T01:00:20.408532+00:00,4,173,0,0,0,3,3
2026-09-20T01:01:19.591660+00:00,4,173,0,0,0,3,3
2026-09-20T01:02:12.024796+00:00,4,173,0,0,0,3,3
2026-09-20T01:03:13.456064+00:00,5,173,0,0,3,1,4
2026-09-20T01:04:11.974387+00:00,5,173,0,0,3,1,4
2026-09-20T01:05:13.563638+00:00,5,173,0,0,3,1,4
2026-09-20T01:06:11.865285+00:00,2,173,0,0,1,0,1
2026-09-20T01:07:12.449342+00:00,2,173,0,0,1,0,1
2026-09-20T01:08:17.844219+00:00,1,173,0,0,0,1,1
2026-09-20T01:09:13.245393+00:00,1,173,0,0,0,1,1
2026-09-20T01:10:13.892740+00:00,1,173,0,0,0,1,1
2026-09-20T01:11:11.639293+00:00,1,173,0,0,0,1,1
2026-09-20T01:12:12.666452+00:00,3,173,0,0,1,0,1
2026-09-20T01:13:13.228460+00:00,3,173,0,0,1,0,1
2026-09-20T01:14:13.260872+00:00,3,173,0,0,1,0,1
2026-09-20T01:15:18.386851+00:00,0,173,0,0,0,0,0
2026-09-20T01:16:18.655947+00:00,0,173,0,0,0,0,0
2026-09-20T01:17:12.320854+00:00,0,173,0,0,0,0,0
2026-09-20T01:18:12.902724+00:00,2,173,0,0,1,0,1
2026-09-20T01:19:14.147151+00:00,2,173,0,0,1,0,1
2026-09-20T01:20:13.652147+00:00,2,173,0,0,1,0,1
2026-09-20T01:21:14.042045+00:00,2,173,0,0,0,0,0
2026-09-20T01:22:12.606144+00:00,2,173,0,0,0,0,0
2026-09-20T01:23:12.619074+00:00,2,173,0,0,0,0,0
2026-09-20T01:24:12.166574+00:00,2,173,0,0,0,0,0
2026-09-20T01:25:13.887859+00:00,2,173,0,0,0,0,0
2026-09-20T01:26:17.692053+00:00,0,173,0,0,0,0,0
2026-09-20T01:27:11.787142+00:00,0,173,0,0,0,0,0
2026-09-20T01:28:12.418005+00:00,0,173,0,0,0,0,0
2026-09-20T01:29:11.299498+00:00,0,173,0,0,0,0,0
2026-09-20T01:30:15.496443+00:00,1,173,0,0,0,0,0
2026-09-20T01:31:19.113016+00:00,1,173,0,0,0,0,0
2026-09-20T01:32:11.836720+00:00,1,173,0,0,0,0,0
2026-09-20T01:33:13.704513+00:00,0,173,0,0,0,0,0
2026-09-20T01:34:11.752310+00:00,0,173,0,0,0,0,0
2026-09-20T01:35:14.213702+00:00,0,173,0,0,0,0,0
2026-09-20T01:36:17.737483+00:00,1,173,0,0,0,0,0
2026-09-20T01:37:11.852975+00:00,1,173,0,0,0,0,0
2026-09-20T01:38:12.544458+00:00,1,173,0,0,0,0,0
2026-09-20T01:39:13.403441+00:00,1,173,0,0,0,0,0
2026-09-20T01:40:13.943330+00:00,1,173,0,0,0,0,0
2026-09-20T01:41:18.038254+00:00,1,173,0,0,1,0,1
2026-09-20T01:42:12.331390+00:00,1,173,0,0,1,0,1
2026-09-20T01:43:13.168514+00:00,1,173,0,0,1,0,1
2026-09-20T01:44:11.743940+00:00,1,173,0,0,1,0,1
2026-09-20T01:45:16.928128+00:00,0,173,0,0,0,0,0
2026-09-20T01:46:17.722396+00:00,0,173,0,0,0,0,0
2026-09-20T01:47:13.865805+00:00,0,173,0,0,0,0,0
2026-09-20T01:48:11.535622+00:00,0,173,0,0,0,0,0
2026-09-20T01:49:12.840504+00:00,0,173,0,0,0,0,0
2026-09-20T01:50:14.814852+00:00,0,173,0,0,0,0,0
2026-09-20T01:51:13.902158+00:00,0,173,0,0,0,0,0
2026-09-20T01:52:12.460841+00:00,0,173,0,0,0,0,0
2026-09-20T01:53:12.121623+00:00,0,173,0,0,0,0,0
2026-09-20T01:54:12.384239+00:00,0,173,0,0,0,0,0
2026-09-20T01:55:14.422552+00:00,0,173,0,0,0,0,0
2026-09-20T01:56:18.357277+00:00,0,173,0,0,0,0,0
2026-09-20T01:57:12.589328+00:00,0,173,0,0,0,0,0
2026-09-20T01:58:12.448782+00:00,0,173,0,0,0,0,0
2026-09-20T01:59:12.460158+00:00,0,173,0,0,0,0,0
2026-09-20T02:00:17.375527+00:00,0,173,0,0,0,0,0
2026-09-20T02:01:17.852556+00:00,0,173,0,0,0,0,0
2026-09-20T02:02:12.887706+00:00,0,173,0,0,0,0,0
2026-09-20T02:03:12.764833+00:00,1,174,0,1,0,0,1
2026-09-20T02:04:13.165231+00:00,1,174,0,1,0,0,1
2026-09-20T02:05:13.311863+00:00,1,174,0,1,0,0,1
2026-09-20T02:06:17.758728+00:00,1,174,0,0,0,0,0
2026-09-20T02:07:12.247806+00:00,1,174,0,0,0,0,0
2026-09-20T02:08:12.037378+00:00,1,174,0,0,0,0,0
2026-09-20T02:09:13.582616+00:00,0,174,0,0,0,0,0
2026-09-20T02:10:14.297370+00:00,0,174,0,0,0,0,0
2026-09-20T02:11:18.373904+00:00,0,174,0,0,0,0,0
2026-09-20T02:12:12.117416+00:00,0,174,0,0,0,0,0
2026-09-20T02:13:12.196427+00:00,0,174,0,0,0,0,0
2026-09-20T02:14:12.782462+00:00,0,174,0,0,0,0,0
2026-09-20T02:15:15.463570+00:00,0,174,0,0,0,0,0
2026-09-20T02:16:18.454083+00:00,0,174,0,0,0,0,0
2026-09-20T02:17:12.119356+00:00,0,174,0,0,0,0,0
2026-09-20T02:18:12.991946+00:00,1,175,0,0,1,0,1
2026-09-20T02:19:12.027283+00:00,1,175,0,0,1,0,1
2026-09-20T02:20:13.010599+00:00,1,175,0,0,1,0,1
2026-09-20T02:21:18.540990+00:00,1,175,0,0,1,0,1
2026-09-20T02:22:11.571439+00:00,1,175,0,0,1,0,1
2026-09-20T02:23:12.415100+00:00,1,175,0,0,1,0,1
2026-09-20T02:24:12.017676+00:00,0,175,0,0,0,0,0
2026-09-20T02:25:12.964173+00:00,0,175,0,0,0,0,0
2026-09-20T02:26:18.256565+00:00,0,175,0,0,0,0,0
2026-09-20T02:27:12.064079+00:00,0,175,0,0,0,0,0
2026-09-20T02:28:12.431416+00:00,0,175,0,0,0,0,0
2026-09-20T02:29:12.893796+00:00,0,175,0,0,0,0,0
2026-09-20T02:30:14.856976+00:00,0,175,0,0,0,0,0
2026-09-20T02:31:19.176163+00:00,0,175,0,0,0,0,0
2026-09-20T02:32:13.098978+00:00,0,175,0,0,0,0,0
2026-09-20T02:33:12.000483+00:00,0,175,0,0,0,0,0
2026-09-20T02:34:12.471143+00:00,0,175,0,0,0,0,0
2026-09-20T02:35:13.493402+00:00,0,175,0,0,0,0,0
2026-09-20T02:36:17.683669+00:00,0,175,0,0,0,0,0
2026-09-20T02:37:12.167707+00:00,0,175,0,0,0,0,0
2026-09-20T02:38:13.187332+00:00,0,175,0,0,0,0,0
2026-09-20T02:39:12.528666+00:00,0,175,0,0,0,0,0
2026-09-20T02:40:14.185328+00:00,0,175,0,0,0,0,0
2026-09-20T02:41:19.194430+00:00,0,175,0,0,0,0,0
2026-09-20T02:42:11.757182+00:00,0,175,0,0,0,0,0
2026-09-20T02:43:11.751423+00:00,0,175,0,0,0,0,0
2026-09-20T02:44:12.065487+00:00,0,175,0,0,0,0,0
2026-09-20T02:45:14.587200+00:00,0,175,0,0,0,0,0
2026-09-20T02:46:17.615854+00:00,0,175,0,0,0,0,0
2026-09-20T02:47:11.120725+00:00,0,175,0,0,0,0,0
2026-09-20T02:48:12.372496+00:00,0,175,0,0,0,0,0
2026-09-20T02:49:11.614430+00:00,0,175,0,0,0,0,0
2026-09-20T02:50:14.937619+00:00,0,175,0,0,0,0,0
2026-09-20T02:51:17.870808+00:00,0,175,0,0,0,0,0
2026-09-20T02:52:12.029188+00:00,0,175,0,0,0,0,0
2026-09-20T02:53:12.614914+00:00,0,175,0,0,0,0,0
2026-09-20T02:54:12.271720+00:00,0,175,0,0,0,0,0
2026-09-20T02:55:12.903102+00:00,0,175,0,0,0,0,0
2026-09-20T02:56:17.783594+00:00,0,175,0,0,0,0,0
2026-09-20T02:57:11.143546+00:00,0,175,0,0,0,0,0
2026-09-20T02:58:13.084035+00:00,0,175,0,0,0,0,0
2026-09-20T02:59:13.501370+00:00,0,175,0,0,0,0,0
2026-09-20T22:07:46.882261+00:00,16,16,0,2,5,7,14
2026-09-20T22:08:29.429507+00:00,16,17,0,1,6,8,15
2026-09-20T22:09:11.202378+00:00,16,17,0,1,6,8,15
2026-09-20T22:09:39.860418+00:00,16,17,0,1,6,8,15
2026-09-20T22:10:12.020907+00:00,16,17,0,1,6,8,15
2026-09-20T22:10:42.840204+00:00,16,17,0,1,6,8,15
2026-09-20T22:11:14.085291+00:00,16,17,0,1,6,8,15
2026-09-20T22:11:44.858745+00:00,16,18,0,4,7,5,16
2026-09-20T22:12:15.947501+00:00,16,18,0,4,7,5,16
2026-09-20T22:12:47.395459+00:00,16,18,0,4,7,5,16
2026-09-20T22:13:18.591895+00:00,16,18,0,4,7,5,16
2026-09-20T22:13:49.239653+00:00,16,18,0,4,7,5,16
2026-09-20T22:14:20.951613+00:00,16,18,0,4,7,5,16
2026-09-20T22:14:52.873845+00:00,15,19,0,3,7,5,15
2026-09-20T22:15:25.497236+00:00,15,19,0,3,7,5,15
2026-09-20T22:16:06.513092+00:00,15,19,0,3,7,5,15
2026-09-20T22:16:35.631545+00:00,15,19,0,3,7,5,15
2026-09-20T22:17:07.274538+00:00,15,19,0,3,7,5,15
2026-09-20T22:17:38.952799+00:00,15,19,0,2,6,5,13
2026-09-20T22:18:09.436961+00:00,15,19,0,2,6,5,13
2026-09-20T22:18:41.503234+00:00,15,19,0,2,6,5,13
2026-09-20T22:19:11.718273+00:00,15,19,0,2,6,5,13
2026-09-20T22:19:43.457633+00:00,15,19,0,2,6,5,13
2026-09-20T22:20:14.237097+00:00,15,19,0,2,6,5,13
2026-09-20T22:20:57.211833+00:00,8,19,0,0,5,2,7
2026-09-20T22:21:28.000788+00:00,8,19,0,0,5,2,7
2026-09-20T22:21:58.704567+00:00,8,19,0,0,5,2,7
2026-09-20T22:22:30.762457+00:00,8,19,0,0,5,2,7
2026-09-20T22:23:01.043011+00:00,8,19,0,0,5,2,7
2026-09-20T22:23:31.857642+00:00,10,19,0,1,5,3,9
2026-09-20T22:24:03.063619+00:00,10,19,0,1,5,3,9
2026-09-20T22:24:34.231587+00:00,10,19,0,1,5,3,9
2026-09-20T22:25:06.055445+00:00,10,19,0,1,5,3,9
2026-09-20T22:25:36.926713+00:00,10,19,0,1,5,3,9
2026-09-20T22:26:07.777376+00:00,10,19,0,1,5,3,9
2026-09-20T22:26:38.586682+00:00,14,19,0,1,8,5,14
2026-09-20T22:27:09.629934+00:00,14,19,0,1,8,5,14
2026-09-20T22:27:40.855560+00:00,14,19,0,1,8,5,14
2026-09-20T22:28:11.469455+00:00,14,19,0,1,8,5,14
2026-09-20T22:28:42.775800+00:00,14,19,0,1,8,5,14
2026-09-20T22:29:11.745007+00:00,14,19,0,1,8,5,14
2026-09-20T22:29:45.508883+00:00,17,20,0,5,7,5,17
2026-09-20T22:30:21.778685+00:00,17,20,0,5,7,5,17
2026-09-20T22:31:00.416088+00:00,17,20,0,5,7,5,17
2026-09-20T22:31:31.391358+00:00,17,20,0,5,7,5,17
2026-09-20T22:32:01.226571+00:00,17,20,0,5,7,5,17
2026-09-20T22:32:32.353042+00:00,11,22,0,3,4,4,11
2026-09-20T22:33:03.211545+00:00,11,22,0,3,4,4,11
2026-09-20T22:33:34.034858+00:00,11,22,0,3,4,4,11
2026-09-20T22:34:05.400861+00:00,11,22,0,3,4,4,11
2026-09-20T22:34:38.691743+00:00,11,22,0,3,4,4,11
2026-09-20T22:35:20.339590+00:00,11,22,0,3,4,4,11
2026-09-20T22:35:59.659043+00:00,14,23,0,3,6,4,13
2026-09-20T22:36:41.049885+00:00,14,23,0,3,6,4,13
2026-09-20T22:37:11.412387+00:00,14,23,0,3,6,4,13
2026-09-20T22:37:42.294725+00:00,14,23,0,3,6,4,13
2026-09-20T22:38:11.635360+00:00,14,23,0,3,6,4,13
2026-09-20T22:38:44.912220+00:00,8,23,0,1,4,3,8
2026-09-20T22:39:16.496311+00:00,8,23,0,1,4,3,8
2026-09-20T22:39:47.659364+00:00,8,23,0,1,4,3,8
2026-09-20T22:40:20.634367+00:00,8,23,0,1,4,3,8
2026-09-20T22:40:49.776551+00:00,8,23,0,1,4,3,8
2026-09-20T22:41:21.167505+00:00,8,23,0,1,4,3,8
2026-09-20T22:41:52.178489+00:00,6,23,0,0,3,1,4
2026-09-20T22:42:23.557979+00:00,6,23,0,0,3,1,4
2026-09-20T22:42:54.231932+00:00,6,23,0,0,3,1,4
2026-09-20T22:43:25.472418+00:00,6,23,0,0,3,1,4
2026-09-20T22:43:56.566402+00:00,6,23,0,0,3,1,4
2026-09-20T22:44:27.859251+00:00,6,23,0,0,3,2,5
2026-09-20T22:44:59.162852+00:00,6,23,0,0,3,2,5
2026-09-20T22:45:34.645162+00:00,6,23,0,0,3,2,5
2026-09-20T22:46:10.981066+00:00,6,23,0,0,3,2,5
2026-09-20T22:46:42.550129+00:00,6,23,0,0,3,2,5
2026-09-20T22:47:11.942021+00:00,6,23,0,0,3,2,5
2026-09-20T22:47:44.767219+00:00,3,24,0,0,1,2,3
2026-09-20T22:48:12.805959+00:00,3,24,0,0,1,2,3
2026-09-20T22:48:48.452632+00:00,3,24,0,0,1,2,3
2026-09-20T22:49:18.691768+00:00,3,24,0,0,1,2,3
2026-09-20T22:49:49.868899+00:00,3,24,0,0,1,2,3
2026-09-20T22:50:22.686399+00:00,3,24,0,0,1,2,3
2026-09-20T22:51:02.559491+00:00,5,26,0,1,2,2,5
2026-09-20T22:51:34.501595+00:00,5,26,0,1,2,2,5
2026-09-20T22:52:04.523159+00:00,5,26,0,1,2,2,5
2026-09-20T22:52:35.192401+00:00,5,26,0,1,2,2,5
2026-09-20T22:53:07.258139+00:00,5,26,0,1,2,2,5
2026-09-20T22:53:38.464278+00:00,2,26,0,0,2,0,2
2026-09-20T22:54:08.911888+00:00,2,26,0,0,2,0,2
2026-09-20T22:54:39.602704+00:00,2,26,0,0,2,0,2
2026-09-20T22:55:12.036799+00:00,2,26,0,0,2,0,2
2026-09-20T22:55:52.774898+00:00,2,26,0,0,2,0,2
2026-09-20T22:56:23.759820+00:00,2,26,0,0,2,0,2
2026-09-20T22:56:54.374345+00:00,3,26,0,0,1,1,2
2026-09-20T22:57:26.696630+00:00,3,26,0,0,1,1,2
2026-09-20T22:57:57.349268+00:00,3,26,0,0,1,1,2
2026-09-20T22:58:28.628619+00:00,3,26,0,0,1,1,2
2026-09-20T22:58:59.836082+00:00,3,26,0,0,1,1,2
2026-09-20T22:59:30.147377+00:00,3,26,0,0,2,0,2
2026-09-20T23:00:01.687720+00:00,3,26,0,0,2,0,2
2026-09-20T23:00:38.031441+00:00,3,26,0,0,2,0,2
2026-09-20T23:01:13.321578+00:00,3,26,0,0,2,0,2
2026-09-20T23:01:47.525300+00:00,3,26,0,0,2,0,2
2026-09-20T23:02:19.319494+00:00,2,27,0,1,0,0,1
2026-09-20T23:02:51.689454+00:00,2,27,0,1,0,0,1
2026-09-20T23:03:21.283066+00:00,2,27,0,1,0,0,1
2026-09-20T23:03:52.557982+00:00,2,27,0,1,0,0,1
2026-09-20T23:04:24.289036+00:00,2,27,0,1,0,0,1
2026-09-20T23:05:05.997964+00:00,2,27,0,1,0,0,1
2026-09-20T23:05:37.681883+00:00,2,27,0,0,1,1,2
2026-09-20T23:06:08.450072+00:00,2,27,0,0,1,1,2
2026-09-20T23:06:39.241797+00:00,2,27,0,0,1,1,2
2026-09-20T23:07:10.588624+00:00,2,27,0,0,1,1,2
2026-09-20T23:07:39.855548+00:00,2,27,0,0,1,1,2
2026-09-20T23:08:11.047507+00:00,2,27,0,0,1,1,2
2026-09-20T23:08:41.975788+00:00,4,28,0,1,1,1,3
2026-09-20T23:09:13.053370+00:00,4,28,0,1,1,1,3
2026-09-20T23:09:44.298395+00:00,4,28,0,1,1,1,3
2026-09-20T23:10:18.451430+00:00,4,28,0,1,1,1,3
2026-09-20T23:10:49.456222+00:00,4,28,0,1,1,1,3
2026-09-20T23:11:19.597092+00:00,4,28,0,1,1,1,3
2026-09-20T23:11:51.172764+00:00,1,28,0,0,1,0,1
2026-09-20T23:12:22.482728+00:00,1,28,0,0,1,0,1
2026-09-20T23:12:53.330405+00:00,1,28,0,0,1,0,1
2026-09-20T23:13:25.043879+00:00,1,28,0,0,1,0,1
2026-09-20T23:13:56.667253+00:00,1,28,0,0,1,0,1
2026-09-20T23:14:29.185432+00:00,5,29,0,0,3,2,5
2026-09-20T23:14:59.699253+00:00,5,29,0,0,3,2,5
2026-09-20T23:15:34.841927+00:00,5,29,0,0,3,2,5
2026-09-20T23:16:13.031298+00:00,5,29,0,0,3,2,5
2026-09-20T23:16:43.752384+00:00,5,29,0,0,3,2,5
2026-09-20T23:17:11.476605+00:00,5,29,0,0,3,2,5
2026-09-20T23:17:46.652049+00:00,2,30,0,0,0,1,1
2026-09-20T23:18:17.995137+00:00,2,30,0,0,0,1,1
2026-09-20T23:18:49.202358+00:00,2,30,0,0,0,1,1
2026-09-20T23:19:20.061800+00:00,2,30,0,0,0,1,1
2026-09-20T23:19:51.006007+00:00,2,30,0,0,0,1,1
2026-09-20T23:20:24.422308+00:00,2,30,0,0,0,1,1
2026-09-20T23:21:05.228159+00:00,2,30,0,0,0,1,1
2026-09-20T23:21:36.579788+00:00,2,30,0,0,0,1,1
2026-09-20T23:22:07.597145+00:00,2,30,0,0,0,1,1
2026-09-20T23:22:38.033513+00:00,2,30,0,0,0,1,1
2026-09-20T23:23:09.022128+00:00,2,30,0,0,0,1,1
2026-09-20T23:23:39.628818+00:00,2,30,0,0,1,1,2
2026-09-20T23:24:10.953689+00:00,2,30,0,0,1,1,2
2026-09-20T23:24:41.811126+00:00,2,30,0,0,1,1,2
2026-09-20T23:25:14.319170+00:00,2,30,0,0,1,1,2
2026-09-20T23:25:54.490252+00:00,2,30,0,0,1,1,2
2026-09-20T23:26:25.292392+00:00,1,30,0,0,1,0,1
2026-09-20T23:26:56.762302+00:00,1,30,0,0,1,0,1
2026-09-20T23:27:27.006233+00:00,1,30,0,0,1,0,1
2026-09-20T23:27:58.102808+00:00,1,30,0,0,1,0,1
2026-09-20T23:28:29.227750+00:00,1,30,0,0,1,0,1
2026-09-20T23:29:00.967927+00:00,1,30,0,0,1,0,1
2026-09-20T23:29:30.692028+00:00,4,31,0,0,2,1,3
2026-09-20T23:30:01.099473+00:00,4,31,0,0,2,1,3
2026-09-20T23:30:34.661312+00:00,4,31,0,0,2,1,3
2026-09-20T23:31:04.719931+00:00,4,31,0,0,2,1,3
2026-09-20T23:31:35.311632+00:00,4,31,0,0,2,1,3
2026-09-20T23:32:05.838857+00:00,4,31,0,0,2,1,3
2026-09-20T23:32:36.721981+00:00,0,31,0,0,0,0,0
2026-09-20T23:33:07.944090+00:00,0,31,0,0,0,0,0
2026-09-20T23:33:38.471209+00:00,0,31,0,0,0,0,0
2026-09-20T23:34:09.746221+00:00,0,31,0,0,0,0,0
2026-09-20T23:34:40.944928+00:00,0,31,0,0,0,0,0
2026-09-20T23:35:12.914462+00:00,0,31,0,0,0,0,0
2026-09-20T23:35:42.992446+00:00,2,31,0,0,2,0,2
2026-09-20T23:36:11.876177+00:00,2,31,0,0,2,0,2
2026-09-20T23:36:44.859376+00:00,2,31,0,0,2,0,2
2026-09-20T23:37:12.371414+00:00,2,31,0,0,2,0,2
2026-09-20T23:37:45.874351+00:00,2,31,0,0,2,0,2
2026-09-20T23:38:17.589572+00:00,2,31,0,0,2,0,2
2026-09-20T23:38:48.502713+00:00,5,32,0,0,2,3,5
2026-09-20T23:39:20.112097+00:00,5,32,0,0,2,3,5
2026-09-20T23:39:49.675785+00:00,5,32,0,0,2,3,5
2026-09-20T23:40:24.598640+00:00,5,32,0,0,2,3,5
2026-09-20T23:41:03.109946+00:00,5,32,0,0,2,3,5
2026-09-20T23:41:33.349297+00:00,6,34,0,0,2,3,5
2026-09-20T23:42:04.801056+00:00,6,34,0,0,2,3,5
2026-09-20T23:42:35.813390+00:00,6,34,0,0,2,3,5
2026-09-20T23:43:06.686514+00:00,6,34,0,0,2,3,5
2026-09-20T23:43:36.765670+00:00,6,34,0,0,2,3,5
2026-09-20T23:44:08.003895+00:00,6,34,0,0,2,3,5
2026-09-20T23:44:38.527206+00:00,4,35,0,0,2,2,4
2026-09-20T23:45:11.440772+00:00,4,35,0,0,2,2,4
2026-09-20T23:45:44.111093+00:00,4,35,0,0,2,2,4
2026-09-20T23:46:22.860640+00:00,4,35,0,0,2,2,4
2026-09-20T23:46:52.999466+00:00,4,35,0,0,2,2,4
2026-09-20T23:47:23.436260+00:00,4,35,0,0,2,2,4
2026-09-20T23:47:54.929532+00:00,5,35,0,0,2,2,4
2026-09-20T23:48:26.404750+00:00,5,35,0,0,2,2,4
2026-09-20T23:48:57.078799+00:00,5,35,0,0,2,2,4
2026-09-20T23:49:27.858415+00:00,5,35,0,0,2,2,4
2026-09-20T23:49:58.576171+00:00,5,35,0,0,2,2,4
2026-09-20T23:50:30.952259+00:00,4,35,0,0,4,0,4
2026-09-20T23:51:02.004659+00:00,4,35,0,0,4,0,4
2026-09-20T23:51:31.809601+00:00,4,35,0,0,4,0,4
2026-09-20T23:52:03.078250+00:00,4,35,0,0,4,0,4
2026-09-20T23:52:34.085111+00:00,4,35,0,0,4,0,4
2026-09-20T23:53:05.093095+00:00,4,35,0,0,4,0,4
2026-09-20T23:53:35.921829+00:00,3,35,0,0,3,0,3
2026-09-20T23:54:06.170479+00:00,3,35,0,0,3,0,3
2026-09-20T23:54:37.245198+00:00,3,35,0,0,3,0,3
2026-09-20T23:55:08.830435+00:00,3,35,0,0,3,0,3
2026-09-20T23:55:39.329115+00:00,3,35,0,0,3,0,3
2026-09-20T23:56:10.004047+00:00,3,35,0,0,3,0,3
2026-09-20T23:56:40.525721+00:00,14,44,0,0,8,6,14
2026-09-20T23:57:11.970084+00:00,14,44,0,0,8,6,14
2026-09-20T23:57:53.003322+00:00,14,44,0,0,8,6,14
2026-09-20T23:58:24.027535+00:00,14,44,0,0,8,6,14
2026-09-20T23:58:54.934290+00:00,14,44,0,0,8,6,14
2026-09-20T23:59:26.138045+00:00,7,44,0,1,4,2,7
2026-09-20T23:59:57.001047+00:00,7,44,0,1,4,2,7
2026-09-21T00:00:38.009654+00:00,7,44,0,1,4,2,7
2026-09-21T00:01:12.239432+00:00,7,44,0,1,4,2,7
2026-09-21T00:01:44.954943+00:00,7,44,0,1,4,2,7
2026-09-21T00:02:14.268641+00:00,7,44,0,1,4,2,7
2026-09-21T00:02:46.595130+00:00,6,44,0,3,1,1,5
2026-09-21T00:03:18.232875+00:00,6,44,0,3,1,1,5
2026-09-21T00:03:48.750342+00:00,6,44,0,3,1,1,5
2026-09-21T00:04:20.338688+00:00,6,44,0,3,1,1,5
2026-09-21T00:04:50.597103+00:00,6,44,0,3,1,1,5
2026-09-21T00:05:22.058355+00:00,6,44,0,3,1,1,5
2026-09-21T00:05:53.011778+00:00,5,44,0,1,2,1,4
2026-09-21T00:06:24.289160+00:00,5,44,0,1,2,1,4
2026-09-21T00:06:55.006837+00:00,5,44,0,1,2,1,4
2026-09-21T00:07:31.494639+00:00,5,44,0,1,2,1,4
2026-09-21T00:08:07.194858+00:00,5,44,0,1,2,1,4
2026-09-21T00:08:38.238500+00:00,1,44,0,0,1,0,1
2026-09-21T00:09:09.052054+00:00,1,44,0,0,1,0,1
2026-09-21T00:09:40.619876+00:00,1,44,0,0,1,0,1
2026-09-21T00:10:12.542038+00:00,1,44,0,0,1,0,1
2026-09-21T00:10:43.420472+00:00,1,44,0,0,1,0,1
2026-09-21T00:11:24.562642+00:00,0,44,0,0,0,0,0
2026-09-21T00:11:55.605507+00:00,0,44,0,0,0,0,0
2026-09-21T00:12:26.120290+00:00,0,44,0,0,0,0,0
2026-09-21T00:12:58.272363+00:00,0,44,0,0,0,0,0
2026-09-21T00:13:28.169001+00:00,0,44,0,0,0,0,0
2026-09-21T00:14:09.622572+00:00,0,44,0,0,0,0,0
2026-09-21T00:14:41.097888+00:00,1,44,0,0,1,0,1
2026-09-21T00:15:13.978801+00:00,1,44,0,0,1,0,1
2026-09-21T00:15:55.665628+00:00,1,44,0,0,1,0,1
2026-09-21T00:16:24.266338+00:00,1,44,0,0,1,0,1
2026-09-21T00:16:55.841888+00:00,1,44,0,0,1,0,1
2026-09-21T00:17:26.378660+00:00,9,47,0,0,3,6,9
2026-09-21T00:17:58.593959+00:00,9,47,0,0,3,6,9
2026-09-21T00:18:28.716702+00:00,9,47,0,0,3,6,9
2026-09-21T00:19:09.680649+00:00,9,47,0,0,3,6,9
2026-09-21T00:19:40.493882+00:00,9,47,0,0,3,6,9
2026-09-21T00:20:13.884147+00:00,9,47,0,0,3,6,9
2026-09-21T00:20:53.432541+00:00,10,47,0,0,7,3,10
2026-09-21T00:21:24.907583+00:00,10,47,0,0,7,3,10
2026-09-21T00:21:56.514138+00:00,10,47,0,0,7,3,10
2026-09-21T00:22:26.876895+00:00,10,47,0,0,7,3,10
2026-09-21T00:22:58.761310+00:00,10,47,0,0,7,3,10
2026-09-21T00:23:28.544002+00:00,5,48,0,0,3,1,4
2026-09-21T00:23:59.583228+00:00,5,48,0,0,3,1,4
2026-09-21T00:24:31.950772+00:00,5,48,0,0,3,1,4
2026-09-21T00:25:02.644953+00:00,5,48,0,0,3,1,4
2026-09-21T00:25:33.193588+00:00,5,48,0,0,3,1,4
2026-09-21T00:26:03.399027+00:00,5,48,0,0,3,1,4
2026-09-21T00:26:34.839557+00:00,1,48,0,0,1,0,1
2026-09-21T00:27:06.548086+00:00,1,48,0,0,1,0,1
2026-09-21T00:27:37.352571+00:00,1,48,0,0,1,0,1
2026-09-21T00:28:07.596029+00:00,1,48,0,0,1,0,1
2026-09-21T00:28:38.468530+00:00,1,48,0,0,1,0,1
2026-09-21T00:29:10.508644+00:00,1,48,0,0,1,0,1
2026-09-21T00:29:41.285292+00:00,1,48,0,0,1,0,1
2026-09-21T00:30:16.136567+00:00,1,48,0,0,1,0,1
2026-09-21T00:31:05.778735+00:00,1,48,0,0,1,0,1
2026-09-21T00:31:35.636276+00:00,1,48,0,0,1,0,1
2026-09-21T00:32:06.356955+00:00,1,48,0,0,1,0,1
2026-09-21T00:32:36.951394+00:00,3,48,0,1,2,0,3
2026-09-21T00:33:08.568530+00:00,3,48,0,1,2,0,3
2026-09-21T00:33:39.341022+00:00,3,48,0,1,2,0,3
2026-09-21T00:34:10.592139+00:00,3,48,0,1,2,0,3
2026-09-21T00:34:41.845352+00:00,3,48,0,1,2,0,3
2026-09-21T00:35:13.537383+00:00,3,48,0,1,2,0,3
2026-09-21T00:35:55.536451+00:00,2,48,0,0,1,0,1
2026-09-21T00:36:27.349640+00:00,2,48,0,0,1,0,1
2026-09-21T00:36:57.215386+00:00,2,48,0,0,1,0,1
2026-09-21T00:37:27.603957+00:00,2,48,0,0,1,0,1
2026-09-21T00:37:58.512783+00:00,2,48,0,0,1,0,1
2026-09-21T00:38:29.828805+00:00,1,48,0,0,1,0,1
2026-09-21T00:39:00.755332+00:00,1,48,0,0,1,0,1
2026-09-21T00:39:31.382059+00:00,1,48,0,0,1,0,1
2026-09-21T00:40:02.747876+00:00,1,48,0,0,1,0,1
2026-09-21T00:40:34.113890+00:00,1,48,0,0,1,0,1
2026-09-21T00:41:04.258114+00:00,1,48,0,0,1,0,1
2026-09-21T00:41:35.630525+00:00,2,48,0,0,0,0,0
2026-09-21T00:42:06.601335+00:00,2,48,0,0,0,0,0
2026-09-21T00:42:37.127565+00:00,2,48,0,0,0,0,0
2026-09-21T00:43:08.511682+00:00,2,48,0,0,0,0,0
2026-09-21T00:43:39.210350+00:00,2,48,0,0,0,0,0
2026-09-21T00:44:10.980312+00:00,2,48,0,0,0,0,0
2026-09-21T00:44:41.735560+00:00,4,49,0,1,2,1,4
2026-09-21T00:45:15.741186+00:00,4,49,0,1,2,1,4
2026-09-21T00:45:55.252473+00:00,4,49,0,1,2,1,4
2026-09-21T00:46:25.876161+00:00,4,49,0,1,2,1,4
2026-09-21T00:46:56.464404+00:00,4,49,0,1,2,1,4
2026-09-21T00:47:27.530462+00:00,1,49,0,0,0,0,0
2026-09-21T00:47:59.117481+00:00,1,49,0,0,0,0,0
2026-09-21T00:48:30.188556+00:00,1,49,0,0,0,0,0
2026-09-21T00:49:01.248954+00:00,1,49,0,0,0,0,0
2026-09-21T00:49:31.487667+00:00,1,49,0,0,0,0,0
2026-09-21T00:50:03.085279+00:00,1,49,0,0,0,0,0
2026-09-21T00:50:33.013989+00:00,6,53,0,0,4,1,5
2026-09-21T00:51:04.197225+00:00,6,53,0,0,4,1,5
2026-09-21T00:51:35.199274+00:00,6,53,0,0,4,1,5
2026-09-21T00:52:06.334026+00:00,6,53,0,0,4,1,5
2026-09-21T00:52:37.530627+00:00,6,53,0,0,4,1,5
2026-09-21T00:53:08.175446+00:00,6,53,0,0,4,1,5
2026-09-21T00:53:38.928119+00:00,7,53,0,0,3,4,7
2026-09-21T00:54:10.068145+00:00,7,53,0,0,3,4,7
2026-09-21T00:54:41.158138+00:00,7,53,0,0,3,4,7
2026-09-21T00:55:13.538263+00:00,7,53,0,0,3,4,7
2026-09-21T00:55:43.144444+00:00,7,53,0,0,3,4,7
2026-09-21T00:56:13.506610+00:00,7,53,0,0,3,4,7
2026-09-21T00:56:45.175158+00:00,5,53,0,0,2,1,3
2026-09-21T00:57:15.499000+00:00,5,53,0,0,2,1,3
2026-09-21T00:57:47.217343+00:00,5,53,0,0,2,1,3
2026-09-21T00:58:17.824568+00:00,5,53,0,0,2,1,3
2026-09-21T00:58:48.438037+00:00,5,53,0,0,2,1,3
2026-09-21T00:59:19.883490+00:00,5,53,0,0,2,1,3
2026-09-21T00:59:50.928618+00:00,1,53,0,1,0,0,1
2026-09-21T01:00:36.516467+00:00,1,53,0,1,0,0,1
2026-09-21T01:01:12.731858+00:00,1,53,0,1,0,0,1
2026-09-21T01:01:40.166276+00:00,1,53,0,1,0,0,1
2026-09-21T01:02:11.328545+00:00,1,53,0,1,0,0,1
2026-09-21T01:02:42.481844+00:00,0,53,0,0,0,0,0
2026-09-21T01:03:12.534267+00:00,0,53,0,0,0,0,0
2026-09-21T01:03:44.515590+00:00,0,53,0,0,0,0,0
2026-09-21T01:04:11.804557+00:00,0,53,0,0,0,0,0
2026-09-21T01:04:46.896610+00:00,0,53,0,0,0,0,0
2026-09-21T01:05:19.698682+00:00,0,53,0,0,0,0,0
2026-09-21T01:05:48.338549+00:00,3,53,0,0,1,1,2
2026-09-21T01:06:20.033485+00:00,3,53,0,0,1,1,2
2026-09-21T01:06:50.721131+00:00,3,53,0,0,1,1,2
2026-09-21T01:07:21.771485+00:00,3,53,0,0,1,1,2
2026-09-21T01:07:52.888335+00:00,3,53,0,0,1,1,2
2026-09-21T01:08:24.573926+00:00,3,53,0,0,1,1,2
2026-09-21T01:08:54.868476+00:00,0,53,0,0,0,0,0
2026-09-21T01:09:26.820036+00:00,0,53,0,0,0,0,0
2026-09-21T01:09:57.359952+00:00,0,53,0,0,0,0,0
2026-09-21T01:10:29.614471+00:00,0,53,0,0,0,0,0
2026-09-21T01:11:04.859970+00:00,0,53,0,0,0,0,0
2026-09-21T01:11:41.761693+00:00,2,53,0,0,2,0,2
2026-09-21T01:12:11.989010+00:00,2,53,0,0,2,0,2
2026-09-21T01:12:43.042302+00:00,2,53,0,0,2,0,2
2026-09-21T01:13:11.995321+00:00,2,53,0,0,2,0,2
2026-09-21T01:13:45.662353+00:00,2,53,0,0,2,0,2
2026-09-21T01:14:11.163151+00:00,2,53,0,0,2,0,2
2026-09-21T01:14:47.087051+00:00,1,53,0,0,0,0,0
2026-09-21T01:15:21.640949+00:00,1,53,0,0,0,0,0
2026-09-21T01:16:00.836070+00:00,1,53,0,0,0,0,0
2026-09-21T01:16:31.192926+00:00,1,53,0,0,0,0,0
2026-09-21T01:17:02.535043+00:00,1,53,0,0,0,0,0
2026-09-21T01:17:32.726046+00:00,0,53,0,0,0,0,0
2026-09-21T01:18:04.289279+00:00,0,53,0,0,0,0,0
2026-09-21T01:18:34.860416+00:00,0,53,0,0,0,0,0
2026-09-21T01:19:05.945071+00:00,0,53,0,0,0,0,0
2026-09-21T01:19:37.881036+00:00,0,53,0,0,0,0,0
2026-09-21T01:20:08.425451+00:00,0,53,0,0,0,0,0
2026-09-21T01:20:38.922802+00:00,0,53,0,0,0,0,0
2026-09-21T01:21:13.976584+00:00,0,53,0,0,0,0,0
2026-09-21T01:21:41.521972+00:00,0,53,0,0,0,0,0
2026-09-21T01:22:11.429625+00:00,0,53,0,0,0,0,0
2026-09-21T01:22:43.537986+00:00,0,53,0,0,0,0,0
2026-09-21T01:23:12.836593+00:00,0,53,0,0,0,0,0
2026-09-21T01:23:47.415326+00:00,0,53,0,0,0,0,0
2026-09-21T01:24:17.009139+00:00,0,53,0,0,0,0,0
2026-09-21T01:24:47.759026+00:00,0,53,0,0,0,0,0
2026-09-21T01:25:22.428560+00:00,0,53,0,0,0,0,0
2026-09-21T01:25:49.949922+00:00,0,53,0,0,0,0,0
2026-09-21T01:26:20.892441+00:00,0,53,0,0,0,0,0
2026-09-21T01:26:51.555295+00:00,0,53,0,0,0,0,0
2026-09-21T01:27:23.038151+00:00,0,53,0,0,0,0,0
2026-09-21T01:27:53.230858+00:00,0,53,0,0,0,0,0
2026-09-21T01:28:25.359325+00:00,0,53,0,0,0,0,0
2026-09-21T01:28:57.195659+00:00,0,53,0,0,0,0,0
2026-09-21T01:29:27.331191+00:00,0,53,0,0,0,0,0
2026-09-21T01:29:58.532412+00:00,0,53,0,0,0,0,0
2026-09-21T01:30:34.278740+00:00,0,53,0,0,0,0,0
2026-09-21T01:31:11.848175+00:00,0,53,0,0,0,0,0
2026-09-21T01:31:43.102622+00:00,0,53,0,0,0,0,0
2026-09-21T01:32:11.520206+00:00,0,53,0,0,0,0,0
2026-09-21T01:32:44.124477+00:00,2,55,0,0,0,0,0
2026-09-21T01:33:15.437815+00:00,2,55,0,0,0,0,0
2026-09-21T01:33:46.703630+00:00,2,55,0,0,0,0,0
2026-09-21T01:34:18.578666+00:00,2,55,0,0,0,0,0
2026-09-21T01:34:48.238556+00:00,2,55,0,0,0,0,0
2026-09-21T01:35:22.440733+00:00,2,55,0,0,0,0,0
2026-09-21T01:35:51.075536+00:00,0,55,0,0,0,0,0
2026-09-21T01:36:21.538394+00:00,0,55,0,0,0,0,0
2026-09-21T01:36:53.158470+00:00,0,55,0,0,0,0,0
2026-09-21T01:37:24.269622+00:00,0,55,0,0,0,0,0
2026-09-21T01:37:55.516338+00:00,0,55,0,0,0,0,0
2026-09-21T01:38:27.050937+00:00,1,55,0,0,0,0,0
2026-09-21T01:38:57.417033+00:00,1,55,0,0,0,0,0
2026-09-21T01:39:28.265104+00:00,1,55,0,0,0,0,0
2026-09-21T01:40:00.382822+00:00,1,55,0,0,0,0,0
2026-09-21T01:40:29.877209+00:00,1,55,0,0,0,0,0
2026-09-21T01:41:00.949678+00:00,1,55,0,0,0,0,0
2026-09-21T01:41:32.002504+00:00,1,55,0,0,0,0,0
2026-09-21T01:42:03.113206+00:00,1,55,0,0,0,0,0
2026-09-21T01:42:33.416517+00:00,1,55,0,0,0,0,0
2026-09-21T01:43:04.848383+00:00,1,55,0,0,0,0,0
2026-09-21T01:43:35.169487+00:00,1,55,0,0,0,0,0
2026-09-21T01:44:06.091856+00:00,1,55,0,0,0,0,0
2026-09-21T01:44:37.345642+00:00,0,55,0,0,0,0,0
2026-09-21T01:45:10.243869+00:00,0,55,0,0,0,0,0
2026-09-21T01:45:51.478960+00:00,0,55,0,0,0,0,0
2026-09-21T01:46:21.477368+00:00,0,55,0,0,0,0,0
2026-09-21T01:46:52.472141+00:00,0,55,0,0,0,0,0
2026-09-21T01:47:23.143986+00:00,0,55,0,0,0,0,0
2026-09-21T01:47:54.105348+00:00,0,55,0,0,0,0,0
2026-09-21T01:48:25.719679+00:00,0,55,0,0,0,0,0
2026-09-21T01:48:57.047796+00:00,0,55,0,0,0,0,0
2026-09-21T01:49:28.903743+00:00,0,55,0,0,0,0,0
2026-09-21T01:49:59.226646+00:00,0,55,0,0,0,0,0
2026-09-21T01:50:30.840203+00:00,0,55,0,0,0,0,0
2026-09-21T01:51:10.913447+00:00,0,55,0,0,0,0,0
2026-09-21T01:51:41.803215+00:00,0,55,0,0,0,0,0
2026-09-21T01:52:12.049909+00:00,0,55,0,0,0,0,0
2026-09-21T01:52:43.807630+00:00,0,55,0,0,0,0,0
2026-09-21T01:53:11.084847+00:00,0,55,0,0,0,0,0
2026-09-21T01:53:34.977743+00:00,0,55,0,0,0,0,0
2026-09-21T01:54:07.117030+00:00,0,55,0,0,0,0,0
2026-09-21T01:54:37.110245+00:00,0,55,0,0,0,0,0
2026-09-21T01:55:08.613889+00:00,0,55,0,0,0,0,0
2026-09-21T01:55:40.135327+00:00,0,55,0,0,0,0,0
2026-09-21T01:56:10.100473+00:00,0,55,0,0,0,0,0
2026-09-21T01:56:41.209054+00:00,1,56,0,0,1,0,1
2026-09-21T01:57:11.579037+00:00,1,56,0,0,1,0,1
2026-09-21T01:57:43.499260+00:00,1,56,0,0,1,0,1
2026-09-21T01:58:12.333301+00:00,1,56,0,0,1,0,1
2026-09-21T01:58:45.558366+00:00,1,56,0,0,1,0,1
2026-09-21T01:59:11.766421+00:00,1,56,0,0,1,0,1
2026-09-21T01:59:37.097774+00:00,0,56,0,0,0,0,0
2026-09-21T02:00:09.300179+00:00,0,56,0,0,0,0,0
2026-09-21T02:00:41.664510+00:00,0,56,0,0,0,0,0
2026-09-21T02:01:12.581570+00:00,0,56,0,0,0,0,0
2026-09-21T02:01:43.639738+00:00,0,56,0,0,0,0,0
2026-09-21T02:02:12.746871+00:00,0,56,0,0,0,0,0
2026-09-21T02:02:46.110976+00:00,0,56,0,0,0,0,0
2026-09-21T02:03:12.744152+00:00,0,56,0,0,0,0,0
2026-09-21T02:03:48.181933+00:00,0,56,0,0,0,0,0
2026-09-21T02:04:19.239677+00:00,0,56,0,0,0,0,0
2026-09-21T02:04:50.483833+00:00,0,56,0,0,0,0,0
2026-09-21T02:05:20.787241+00:00,0,56,0,0,0,0,0
2026-09-21T02:05:52.626561+00:00,0,56,0,0,0,0,0
2026-09-21T02:06:37.132905+00:00,0,56,0,0,0,0,0
2026-09-21T02:07:04.732809+00:00,0,56,0,0,0,0,0
2026-09-21T02:07:35.921219+00:00,0,56,0,0,0,0,0
2026-09-21T02:08:07.000101+00:00,0,56,0,0,0,0,0
2026-09-21T02:08:37.549777+00:00,0,56,0,0,0,0,0
2026-09-21T02:09:08.996583+00:00,0,56,0,0,0,0,0
2026-09-21T02:09:40.002406+00:00,0,56,0,0,0,0,0
2026-09-21T02:10:13.909083+00:00,0,56,0,0,0,0,0
2026-09-21T02:10:43.072027+00:00,0,56,0,0,0,0,0
2026-09-21T02:11:13.522866+00:00,0,56,0,0,0,0,0
2026-09-21T02:11:44.627458+00:00,0,56,0,0,0,0,0
2026-09-21T02:12:11.816271+00:00,0,56,0,0,0,0,0
2026-09-21T02:12:46.620806+00:00,0,56,0,0,0,0,0
2026-09-21T02:13:18.063818+00:00,0,56,0,0,0,0,0
2026-09-21T02:13:49.195192+00:00,0,56,0,0,0,0,0
2026-09-21T02:14:20.584451+00:00,0,56,0,0,0,0,0
2026-09-21T02:14:51.634487+00:00,0,56,0,0,0,0,0
2026-09-21T02:15:26.701025+00:00,0,56,0,0,0,0,0
2026-09-21T02:16:04.380309+00:00,0,56,0,0,0,0,0
2026-09-21T02:16:35.516165+00:00,0,56,0,0,0,0,0
2026-09-21T02:17:05.898970+00:00,0,56,0,0,0,0,0
2026-09-21T02:17:37.092905+00:00,1,57,0,1,0,0,1
2026-09-21T02:18:07.945339+00:00,1,57,0,1,0,0,1
2026-09-21T02:18:39.292947+00:00,1,57,0,1,0,0,1
2026-09-21T02:19:10.466538+00:00,1,57,0,1,0,0,1
2026-09-21T02:19:41.223673+00:00,1,57,0,1,0,0,1
2026-09-21T02:20:13.140814+00:00,1,57,0,1,0,0,1
2026-09-21T02:20:43.129889+00:00,1,58,0,0,0,0,0
2026-09-21T02:21:17.318634+00:00,1,58,0,0,0,0,0
2026-09-21T02:21:44.935183+00:00,1,58,0,0,0,0,0
2026-09-21T02:22:16.340294+00:00,1,58,0,0,0,0,0
2026-09-21T02:22:47.582026+00:00,1,58,0,0,0,0,0
2026-09-21T02:23:18.772755+00:00,1,58,0,0,0,0,0
2026-09-21T02:23:50.780560+00:00,1,58,0,0,0,0,0
2026-09-21T02:24:20.840572+00:00,1,58,0,0,0,0,0
2026-09-21T02:24:51.794220+00:00,1,58,0,0,0,0,0
2026-09-21T02:25:24.849431+00:00,1,58,0,0,0,0,0
2026-09-21T02:26:04.945126+00:00,1,58,0,0,0,0,0
2026-09-21T02:26:36.005076+00:00,0,58,0,0,0,0,0
2026-09-21T02:27:06.958179+00:00,0,58,0,0,0,0,0
2026-09-21T02:27:37.969589+00:00,0,58,0,0,0,0,0
2026-09-21T02:28:08.722351+00:00,0,58,0,0,0,0,0
2026-09-21T02:28:39.761681+00:00,0,58,0,0,0,0,0
2026-09-21T02:29:10.627863+00:00,0,58,0,0,0,0,0
2026-09-21T02:29:42.054057+00:00,0,58,0,0,0,0,0
2026-09-21T02:30:14.352788+00:00,0,58,0,0,0,0,0
2026-09-21T02:30:54.488490+00:00,0,58,0,0,0,0,0
2026-09-21T02:31:25.946464+00:00,0,58,0,0,0,0,0
2026-09-21T02:31:57.734686+00:00,0,58,0,0,0,0,0
2026-09-21T02:32:27.948388+00:00,0,58,0,0,0,0,0
2026-09-21T02:32:59.634212+00:00,0,58,0,0,0,0,0
2026-09-21T02:33:30.479662+00:00,0,58,0,0,0,0,0
2026-09-21T02:34:01.628610+00:00,0,58,0,0,0,0,0
2026-09-21T02:34:32.663012+00:00,0,58,0,0,0,0,0
2026-09-21T02:35:03.034809+00:00,0,58,0,0,0,0,0
2026-09-21T02:35:34.632630+00:00,0,58,0,0,0,0,0
2026-09-21T02:36:05.030496+00:00,0,58,0,0,0,0,0
2026-09-21T02:36:36.168641+00:00,0,58,0,0,0,0,0
2026-09-21T02:37:07.280011+00:00,0,58,0,0,0,0,0
2026-09-21T02:37:37.966211+00:00,0,58,0,0,0,0,0
2026-09-21T02:38:09.175294+00:00,0,58,0,0,0,0,0
2026-09-21T02:38:40.065853+00:00,0,58,0,0,0,0,0
2026-09-21T02:39:11.711700+00:00,0,58,0,0,0,0,0
2026-09-21T02:39:42.278640+00:00,0,58,0,0,0,0,0
2026-09-21T02:40:13.295801+00:00,0,58,0,0,0,0,0
2026-09-21T02:40:56.035568+00:00,0,58,0,0,0,0,0
2026-09-21T02:41:26.925667+00:00,0,58,0,0,0,0,0
2026-09-21T02:41:57.460190+00:00,0,58,0,0,0,0,0
2026-09-21T02:42:29.288597+00:00,0,58,0,0,0,0,0
2026-09-21T02:43:00.033559+00:00,0,58,0,0,0,0,0
2026-09-21T02:43:30.922943+00:00,0,58,0,0,0,0,0
2026-09-21T02:44:03.144413+00:00,0,58,0,0,0,0,0
2026-09-21T02:44:31.642356+00:00,0,58,0,0,0,0,0
2026-09-21T02:45:03.323527+00:00,0,58,0,0,0,0,0
2026-09-21T02:45:35.107507+00:00,0,58,0,0,0,0,0
2026-09-21T02:46:06.543659+00:00,0,58,0,0,0,0,0
2026-09-21T02:46:36.995045+00:00,0,58,0,0,0,0,0
2026-09-21T02:47:07.973689+00:00,0,58,0,0,0,0,0
2026-09-21T02:47:38.890821+00:00,0,58,0,0,0,0,0
2026-09-21T02:48:09.599852+00:00,0,58,0,0,0,0,0
2026-09-21T02:48:40.937607+00:00,0,58,0,0,0,0,0
2026-09-21T02:49:12.031447+00:00,0,58,0,0,0,0,0
2026-09-21T02:49:43.267778+00:00,0,58,0,0,0,0,0
2026-09-21T02:50:12.849277+00:00,0,58,0,0,0,0,0
2026-09-21T02:50:46.900485+00:00,0,58,0,0,0,0,0
2026-09-21T02:51:16.350364+00:00,0,58,0,0,0,0,0
2026-09-21T02:51:47.287238+00:00,0,58,0,0,0,0,0
2026-09-21T02:52:18.400136+00:00,0,58,0,0,0,0,0
2026-09-21T02:52:49.602914+00:00,0,58,0,0,0,0,0
2026-09-21T02:53:20.274451+00:00,0,58,0,0,0,0,0
2026-09-21T02:53:50.923385+00:00,0,58,0,0,0,0,0
2026-09-21T02:54:22.356974+00:00,0,58,0,0,0,0,0
2026-09-21T02:54:52.615914+00:00,0,58,0,0,0,0,0
2026-09-21T02:55:25.639369+00:00,0,58,0,0,0,0,0
2026-09-21T02:55:55.582804+00:00,0,58,0,0,0,0,0
2026-09-21T02:56:26.988885+00:00,0,58,0,0,0,0,0
2026-09-21T02:56:58.484852+00:00,0,58,0,0,0,0,0
2026-09-21T02:57:28.438644+00:00,0,58,0,0,0,0,0
2026-09-21T02:58:00.293365+00:00,0,58,0,0,0,0,0
2026-09-21T02:58:30.897431+00:00,0,58,0,0,0,0,0
2026-09-21T02:59:03.412195+00:00,0,58,0,0,0,0,0
2026-09-21T02:59:32.623382+00:00,0,58,0,0,0,0,0
2026-09-21T03:00:04.252668+00:00,0,58,0,0,0,0,0
2026-09-21T03:00:36.376023+00:00,0,58,0,0,0,0,0
2026-09-21T03:01:17.977394+00:00,0,58,0,0,0,0,0
2026-09-21T03:01:48.463852+00:00,0,58,0,0,0,0,0
2026-09-21T03:02:20.237920+00:00,0,58,0,0,0,0,0
2026-09-21T03:02:50.577729+00:00,0,58,0,0,0,0,0
2026-09-21T03:03:22.250314+00:00,0,58,0,0,0,0,0
2026-09-21T03:03:53.149025+00:00,0,58,0,0,0,0,0
2026-09-21T03:04:24.209547+00:00,0,58,0,0,0,0,0
2026-09-21T03:04:55.200302+00:00,0,58,0,0,0,0,0
2026-09-21T03:05:26.994079+00:00,0,58,0,0,0,0,0
2026-09-21T03:05:59.460179+00:00,0,58,0,0,0,0,0
2026-09-21T03:06:29.631800+00:00,0,58,0,0,0,0,0
2026-09-21T03:07:00.349646+00:00,0,58,0,0,0,0,0
2026-09-21T03:07:31.949562+00:00,0,58,0,0,0,0,0
2026-09-21T03:08:02.644347+00:00,0,58,0,0,0,0,0
2026-09-21T03:08:32.619126+00:00,1,59,0,1,0,0,1
2026-09-21T03:09:05.009584+00:00,1,59,0,1,0,0,1
2026-09-21T03:09:35.971506+00:00,1,59,0,1,0,0,1
2026-09-21T03:10:07.434547+00:00,1,59,0,1,0,0,1
2026-09-21T03:10:37.956224+00:00,1,59,0,1,0,0,1
2026-09-21T03:11:09.612453+00:00,1,59,0,1,0,0,1
2026-09-21T03:11:39.760578+00:00,1,59,0,1,0,0,1
2026-09-21T03:12:11.534484+00:00,1,59,0,1,0,0,1
2026-09-21T03:12:42.344976+00:00,1,59,0,1,0,0,1
2026-09-21T03:13:14.392336+00:00,1,59,0,1,0,0,1
2026-09-21T03:13:44.389182+00:00,1,59,0,1,0,0,1
2026-09-21T03:14:15.510241+00:00,1,59,0,1,0,0,1
2026-09-21T03:14:46.291102+00:00,0,59,0,0,0,0,0
2026-09-21T03:15:18.515643+00:00,0,59,0,0,0,0,0
2026-09-21T03:15:49.374074+00:00,0,59,0,0,0,0,0
2026-09-21T03:16:20.390394+00:00,0,59,0,0,0,0,0
2026-09-21T03:16:51.403853+00:00,0,59,0,0,0,0,0
2026-09-21T03:17:22.508768+00:00,0,59,0,0,0,0,0
2026-09-21T03:17:53.560220+00:00,0,59,0,0,0,0,0
2026-09-21T03:18:25.638287+00:00,0,59,0,0,0,0,0
2026-09-21T03:18:56.233492+00:00,0,59,0,0,0,0,0
2026-09-21T03:19:27.533399+00:00,0,59,0,0,0,0,0
2026-09-21T03:19:58.733086+00:00,0,59,0,0,0,0,0
2026-09-21T03:20:29.931644+00:00,0,59,0,0,0,0,0
2026-09-21T03:21:01.372958+00:00,0,59,0,0,0,0,0
2026-09-21T03:21:32.097834+00:00,0,59,0,0,0,0,0
2026-09-21T03:22:03.397257+00:00,0,59,0,0,0,0,0
2026-09-21T03:22:33.270282+00:00,0,59,0,0,0,0,0
2026-09-21T03:23:05.231090+00:00,0,59,0,0,0,0,0
2026-09-21T03:23:35.221062+00:00,0,59,0,0,0,0,0
2026-09-21T03:24:06.788466+00:00,0,59,0,0,0,0,0
2026-09-21T03:24:37.390603+00:00,0,59,0,0,0,0,0
2026-09-21T03:25:08.299238+00:00,0,59,0,0,0,0,0
2026-09-21T03:25:39.538032+00:00,0,59,0,0,0,0,0
2026-09-21T03:26:10.531513+00:00,0,59,0,0,0,0,0
2026-09-21T03:26:42.157143+00:00,0,59,0,0,0,0,0
2026-09-21T03:27:12.888051+00:00,0,59,0,0,0,0,0
